| Run on Tue Dec 16 16:24:21 2025
idecomp = 2: Per-residue decomp adding 1-4 interactions to EEL and VDW.
Energy Decomposition Analysis (All units kcal/mol): Poisson Boltzmann model

Complex:
Total Energy Decomposition:
Residue,Internal,,,van der Waals,,,Electrostatic,,,Polar Solvation,,,Non-Polar Solv.,,,TOTAL,,
,Avg.,Std. Dev.,Std. Err. of Mean,Avg.,Std. Dev.,Std. Err. of Mean,Avg.,Std. Dev.,Std. Err. of Mean,Avg.,Std. Dev.,Std. Err. of Mean,Avg.,Std. Dev.,Std. Err. of Mean,Avg.,Std. Dev.,Std. Err. of Mean
R:A:GLU:18,20.81743551289742,2.7440452383728178,0.03880277983473254,-3.047998200359928,1.508229676026046,0.021327455991123644,-2.8727806438712253,20.61927350171498,0.2915714066411022,-86.64872465506899,19.277298532746382,0.27259491218086923,0.0,0.0,0.0,-71.75206798640272,28.40023273645893,0.40159978513381056
R:A:GLN:19,23.500279344131172,2.799352976445433,0.03958487116237455,-6.667586282743452,1.3472986793794122,0.01905177556714989,-42.13926674665067,3.22644406847021,0.0456242474020462,-5.1107612477504505,2.228897552810756,0.03151821981884519,0.0,0.0,0.0,-30.417334933013397,5.002950773901717,0.07074533418364075
R:A:LYS:22,26.247209358128373,2.807704220775781,0.03970296378364953,-9.162429714057188,1.5335426229856135,0.021685399327518052,-110.85009398120377,13.34838674747678,0.18875582110240402,68.17242751449712,10.42336750793877,0.14739393829632697,0.0,0.0,0.0,-25.592886822635474,17.235456911078487,0.24372179821210882
R:A:PHE:24,28.393505498900222,2.956987887385832,0.04181394255593332,-0.7725740851829634,1.866472663748222,0.026393270353631527,-0.9907776444711057,1.338790735111969,0.018931467095686227,1.200122575484903,0.4314494290763119,0.006101006270653407,0.0,0.0,0.0,27.830276344731054,3.7690856733348252,0.053297591277096
R:A:GLY:26,6.191030793841232,1.7998515047535775,0.025451199090135584,-3.7127742451509698,0.7600714371074957,0.010747958605172197,6.162505298940212,2.178541919046615,0.030806154819673727,0.6818898220355929,0.9691584586819543,0.013704599972085186,0.0,0.0,0.0,9.322651669666067,3.0826104262051115,0.04359033590685896
R:A:GLY:27,7.581615876824635,1.8840453249491063,0.026641760463835613,-3.197007598480304,0.7906353608886172,0.011180154543045169,-3.5023135372925416,2.1955225273818204,0.03104627287511859,1.209116176764647,0.8503065026627551,0.012023947547755978,0.0,0.0,0.0,2.091410917816437,3.117382135231688,0.04408203296453419
R:A:LEU:28,20.381891421715657,2.945933580968129,0.04165762668615336,-7.9048464307138575,1.2716686679208398,0.017982312628825485,-7.9806374725055,1.546755524902616,0.021872239295348678,-1.9102695460907817,0.6668214639297556,0.009429336693182072,0.0,0.0,0.0,2.5861379724055187,3.6239163046380436,0.051244791646274816
R:A:SER:29,14.890919816036794,2.302290779984606,0.032556053013270275,-2.8026674665066986,1.3165001268069,0.018616261808853295,16.111608478304337,3.2088243964852,0.04537509252543055,-3.182514097180564,2.121894378968974,0.030005117724849695,0.0,0.0,0.0,25.017346730653866,4.672548039610021,0.0660732010947866
R:A:PHE:30,28.97719796040792,3.034955336940627,0.04291645855568568,4.024440711857629,1.7423605233405497,0.02463823512618313,1.423740451909618,1.956125227238887,0.02766102229667548,-0.3706640671865627,1.4125569864888847,0.019974575121525236,0.0,0.0,0.0,34.054715056988606,4.2507078510806755,0.06010807641970922
R:A:GLU:31,20.70936152769446,2.673159712681172,0.037800407348879045,-1.4219114177164567,0.9723288966470957,0.013749432252770913,65.47305358928215,8.227856524060899,0.11634782865468427,-154.86098220355927,8.089534807021009,0.11439185975970943,0.0,0.0,0.0,-70.10047850429915,11.883997757795672,0.16804830405261317
R:A:ASP:49,24.969088582283543,2.402304276894135,0.03397031603153722,-3.3737702459508094,1.3739181163389755,0.019428193614936515,-10.929005598880224,9.984509639347392,0.1411881713448356,-93.29286682663468,10.730079605324184,0.1517310686836352,0.0,0.0,0.0,-82.62655408918216,14.91588944394545,0.21092144037531763
R:A:CYS:50,17.354259348130377,2.189088053145467,0.030955284766156676,-6.8515712857428515,1.1872393768317098,0.016788421526768897,12.083200959808037,1.63360318362042,0.023100327860822643,-2.273783043391322,1.1802143826960385,0.016689083040298324,0.0,0.0,0.0,20.31210597880424,3.203624383878566,0.04530156059472787
R:A:VAL:51,18.223264147170564,2.4615587878576255,0.0348082175759354,-6.579163367326535,1.3163380278427992,0.018613969612526687,3.413697060587882,1.7240495356714864,0.024379304546926175,1.4292981403719256,0.7913715301391617,0.01119056450748399,0.0,0.0,0.0,16.48709598080384,3.375001210338752,0.047724952590208626
R:A:MET:53,22.72042231553689,2.82802643589297,0.03999033457036949,-9.97933173365327,1.2940694436489013,0.0182990757625188,4.587951009798041,1.7597531905188217,0.024884179991019786,0.3913461307738452,0.9021124868782882,0.012756521548915298,0.0,0.0,0.0,17.720387722455506,3.6854969105424815,0.0521155858516999
R:A:ARG:54,31.41999800039992,3.987184924338452,0.05638167207156284,-6.349274345130974,1.8395579624519178,0.026012677055054067,-337.9782127574485,15.44295514125539,0.2183745296776226,72.44293341331733,11.343417821793809,0.16040411366302884,0.0,0.0,0.0,-240.46455568886222,19.658067262391484,0.2779792567892442
R:A:PRO:56,26.008553089382126,2.710968244717407,0.03833504727534995,-1.750865826834633,1.1848794680992565,0.016755050714329322,5.928648270345931,3.707565879213984,0.05242765699417411,1.3265010997800442,2.401836276382943,0.03396369816658937,0.0,0.0,0.0,31.512836632673466,5.316780080560997,0.07518310704601813
R:A:ARG:60,31.650195360927817,4.054013010207181,0.05732666943038137,-4.424110977804439,2.024778782400174,0.028631833108590073,-385.3563431313737,31.26763043164089,0.4421468577217037,112.30397580483903,26.39447001053416,0.37323685278619245,0.0,0.0,0.0,-245.82628294341134,41.168768630495244,0.58215609673528
R:A:ARG:62,32.50161427714457,4.015515151584115,0.05678228192853927,-8.389951409718055,1.6977041784548343,0.02400676218448636,-378.54188102379527,12.958296431721237,0.18323966253976331,112.83882623475304,11.228773324683518,0.15878295774386764,0.0,0.0,0.0,-241.59139192161567,17.69207048933584,0.2501786437111925
R:A:GLY:63,8.225874825034992,1.8444594943134052,0.02608198825263002,-4.2612649470105985,0.7333197610965079,0.010369670601771786,1.8642033593281342,2.153060653860191,0.030445831342089388,-0.8768324335132974,0.8195955349729934,0.011589672302904674,0.0,0.0,0.0,4.951980803839232,3.0409202091350642,0.04300080615289961
R:A:PHE:64,29.271975604879025,2.997917065573754,0.042392710670916815,-0.576616676664667,1.7266933960657376,0.024416690640769415,3.370149170165967,1.2826634649162518,0.018137786992430925,-0.9021935612877426,0.5057244106137616,0.007151308108073375,0.0,0.0,0.0,31.163314537092578,3.7242394605874876,0.052663433466823006
R:A:PHE:66,29.097555688862226,2.9513659522247218,0.041734444335841635,-2.373637672465507,1.6732345780260105,0.0236607443766143,1.5815702859428113,1.3086669634649777,0.018505495226613437,-1.0520269946010798,0.3654627823213923,0.005167907468105335,0.0,0.0,0.0,27.25346130773845,3.654647343257617,0.05167935070855729
R:A:ARG:89,32.26172385522895,4.298832908529212,0.0607885994601445,-7.372080983803239,1.9226450099988341,0.027187587864830928,-348.0146456708659,9.028321518695309,0.12766698131217752,80.24135112977405,8.895249923214296,0.12578525292464982,0.0,0.0,0.0,-242.88365166966608,13.520820568712088,0.19119415976675594
R:A:VAL:91,17.17048430313937,2.591195846056611,0.03664137912785665,-6.249899820035993,1.310760317388362,0.01853509676170089,6.252484703059388,2.190945636947468,0.0309815523415908,0.3762959408118376,1.1016183104057211,0.015577677861437508,0.0,0.0,0.0,17.549365126974607,3.8008149400018643,0.05374626600431321
R:A:GLU:92,23.091657868426314,2.696431304292179,0.038129484447557344,-2.607896020795841,1.5213180194433071,0.02151253461188374,56.87656528694261,16.734448804284835,0.23663718204344164,-133.36379544091182,16.27141511547091,0.23008955154819333,0.0,0.0,0.0,-56.003468306338725,23.545400335060243,0.3329489516228782
R:A:LYS:94,23.67374385122975,2.8453520517705684,0.04023533128142891,-5.949500299940012,1.5217867976291628,0.021519163473712515,-117.13520595880824,14.103082314976959,0.19942776103198154,76.28237352529494,13.570291291173726,0.1918937114815383,0.0,0.0,0.0,-23.128588882223557,19.835866501523817,0.2804934663344651
R:A:ARG:95,29.759445510897812,3.929611811831037,0.055567546714668126,-8.261158968206358,1.4308675427652509,0.020233499600578148,-304.4183153369326,19.327739556695928,0.27330818465888174,51.570485502899416,12.80599310953803,0.18108598365862438,0.0,0.0,0.0,-231.34954329134175,23.559376197378935,0.3331465804013579
R:A:ALA:96,10.78786702659468,2.153669721721621,0.03045444400116694,-5.468104379124176,0.7863696980698144,0.011119834992590031,6.637831233753248,1.6655366887042666,0.023551890666636512,1.9556348730253947,0.6116027879772757,0.008648504768187982,0.0,0.0,0.0,13.91322875424915,2.8990931347551507,0.04099526897559294
R:A:VAL:97,16.853679864027193,2.6508229023607983,0.0374845487322093,-4.825226354729055,1.3016179602672941,0.018405817234680537,4.513551889622076,1.8180604286471025,0.025708686413954934,-1.2002627474505099,0.9795751310963736,0.01385189923692782,0.0,0.0,0.0,15.341742651469705,3.6036068783714295,0.050957601703130705
R:A:ALA:98,10.575642471505699,2.339388332490733,0.03308063917612679,-3.4014237152569486,0.9642057695721691,0.013634565374102089,13.241358328334332,2.0492032912206084,0.0289772132885804,-3.904913817236553,1.095517320507138,0.015491405461661391,0.0,0.0,0.0,16.51066326734653,3.4353781254107307,0.04857872573865263
R:A:ARG:99,32.2860073985203,4.113184780621622,0.058163400963708575,-6.316225354929014,1.5846072041382109,0.022407489354354507,-326.5759864027194,13.61263097875581,0.19249242521721024,61.90611357728455,11.548053969851349,0.1632978164665632,0.0,0.0,0.0,-238.70009078184364,18.3872385551862,0.26000882181107104
R:A:SER:102,15.61928234353129,2.3777720935027515,0.0336234132554133,-3.1893889222155574,1.2622662801789657,0.017849356081183043,19.778198160367925,3.1806645588488944,0.044976892100487366,-4.804960407918416,2.9222335388296843,0.041322490987837655,0.0,0.0,0.0,27.40313117376525,5.089517873246522,0.07196945543712262
R:A:HSD:108,25.180199560087978,2.7768012423542126,0.03926597336849126,-7.52736772645471,1.4648873522422325,0.02071456425603465,-8.28066726654669,4.8457259020463335,0.06852206103863744,-2.1994559088182366,3.449395867878158,0.048776946732657124,0.0,0.0,0.0,7.172708658268347,6.725764749483646,0.09510716701929291
R:A:THR:110,20.295984403119373,2.5604742281269126,0.03620695328092719,-1.9632165566886624,1.2819932263344247,0.018128309335224805,-5.67298100379924,2.9795248785903174,0.04213263187475939,-4.702559088182364,1.6469833783339125,0.02328953346951785,0.0,0.0,0.0,7.95722775444911,4.448556805967109,0.0629058034140144
R:A:ASP:167,22.3447050589882,2.600266132764137,0.03676963952722191,-4.122290541891621,1.4198438600251633,0.0200776167716984,-19.255292341531696,11.484579534502013,0.16240024214615775,-84.00724635072986,11.37212556498239,0.16081006186786206,0.0,0.0,0.0,-85.04012417516496,16.431620355219987,0.2323549692459133
L:C:ADE:3,67.50321875624876,4.93019356930435,0.06971649480741518,7.144342931413718,2.2948244656855263,0.032450473941222656,46.97848390321936,10.624529795709307,0.15023851820858813,-169.1429598080384,11.727594066477005,0.1658366429929812,0.0,0.0,0.0,-47.51691421715657,16.73290542395732,0.236615357531873
L:C:GUA:4,67.75790121975604,4.749540967036815,0.06716193664841216,1.4222913417316534,2.4453917645086305,0.0345796041992966,-52.37858228354329,11.226256070026556,0.15874736194651118,-184.8077448510298,11.987082903908563,0.1695060024071861,0.0,0.0,0.0,-168.00613457308538,17.27012050260428,0.24421196641030296
L:C:GUA:5,63.48452329534093,4.693628684361587,0.06637129662383635,0.4924445110977805,2.9134685776818907,0.04119854811221674,-47.2058650269946,12.344246300436227,0.17455655057114655,-192.00466686662668,10.131891904668466,0.14327226293079975,0.0,0.0,0.0,-175.23356408718257,16.898346063254873,0.23895480755718929
L:C:GUA:6,63.28713577284543,4.5403912457880855,0.0642044086628595,0.7041701659668067,2.588180849171122,0.03659874489620695,-65.01879924015198,8.403798280526459,0.11883577205459614,-175.23958268346328,7.80668145686362,0.11039210927520868,0.0,0.0,0.0,-176.26707598480303,12.604837709449614,0.1782415011431587
L:C:THY:7,62.15785202959408,4.125897218367063,0.05834316400700724,4.848632673465307,2.7571654280084013,0.03898830878400066,-24.96797200559888,7.163016227073779,0.10129021844281914,-169.8088798240352,6.82506281835266,0.09651131336879816,0.0,0.0,0.0,-127.7703671265747,11.068661752791801,0.15651886457724357
L:C:THY:8,62.71039292141572,4.19724823607454,0.05935211888587398,3.339161167766447,3.09017624781682,0.04369732208411385,-25.706103379324134,9.742381487629217,0.1377643045544753,-164.88959088182364,9.07500602902849,0.1283271339768708,0.0,0.0,0.0,-124.5461401719656,14.298105240737529,0.20218552593512146
L:C:ADE:9,67.56590401919617,4.743601114899775,0.06707794285286486,-5.5555104979004195,2.5906973434569105,0.03663432994136631,28.823327334533097,9.404009964262537,0.13297948703764526,-147.24524115176968,8.764382669413688,0.1239346955191851,0.0,0.0,0.0,-56.41152029594082,13.945008829202697,0.1971924878737866
L:C:GUA:10,65.60222155568887,4.678790695129404,0.06616147674866989,-5.084083783243352,2.60571298717734,0.03684666197919602,-98.97656388722257,11.202055151107135,0.15840514348906864,-137.16221835632874,8.548355571156174,0.12087991645985983,0.0,0.0,0.0,-175.62064447110575,15.074523047835939,0.21316463400786972
L:C:GUA:11,66.02823195360926,4.696135173764987,0.066406740192739,-1.53598600279944,3.2310688178778966,0.045689644695993036,-113.60932373525296,11.783490950511158,0.1666270652696602,-133.66925354929012,9.307261323624187,0.13161139144304576,0.0,0.0,0.0,-182.78633133373324,16.06142159346876,0.22712009161108193
L:C:GUA:12,59.728218356328746,4.641554373322678,0.06563492828776389,4.285317536492701,3.2440877991233106,0.04587374248558993,-120.32554369126174,9.613029150618996,0.13593516916562431,-91.64218796240752,7.7467000372784245,0.10954392871834615,0.0,0.0,0.0,-147.95419576084782,13.582703102370742,0.1920692234485034

Sidechain Energy Decomposition:
Residue,Internal,,,van der Waals,,,Electrostatic,,,Polar Solvation,,,Non-Polar Solv.,,,TOTAL,,
,Avg.,Std. Dev.,Std. Err. of Mean,Avg.,Std. Dev.,Std. Err. of Mean,Avg.,Std. Dev.,Std. Err. of Mean,Avg.,Std. Dev.,Std. Err. of Mean,Avg.,Std. Dev.,Std. Err. of Mean,Avg.,Std. Dev.,Std. Err. of Mean
R:A:GLU:18,16.674023595280943,2.3831940016526665,0.03370008294922274,-3.346557088582284,1.2694638912060583,0.01795113549506251,-7.837637672465506,20.737878636076246,0.29324856882907624,-84.65496060787842,19.44735922033938,0.2749996930230128,0.0,0.0,0.0,-79.16513177364527,28.557845562824514,0.4038285442355447
R:A:GLN:19,19.20816696660668,2.5219490393196273,0.035662179310558165,-6.218975204959008,1.1374162255968712,0.01608388621481302,-49.89641191761647,3.10663378272978,0.04393004350390673,-2.880281543691262,2.2433973427794234,0.03172325731237343,0.0,0.0,0.0,-39.78750169966006,4.72630381215215,0.06683334650989464
R:A:LYS:22,22.071390721855632,2.573591771976306,0.036392444816869325,-7.623914417116576,1.3838255884403425,0.019568292419902305,-114.22377144571085,13.211632417280107,0.1868220161884535,67.56569186162768,10.338867654630064,0.14619904939356632,0.0,0.0,0.0,-32.210603279344134,17.028733463686862,0.24079857948974887
R:A:PHE:24,24.16840091981604,2.7813396793180085,0.0393301501421965,-0.5366924615076984,1.574627804294319,0.02226637343920475,-1.7545110977804441,0.8630681503800117,0.01220440645556712,0.512748450309938,0.30381476268952495,0.004296159983927156,0.0,0.0,0.0,22.389945810837833,3.324529015670343,0.04701123933573787
R:A:GLY:26,4.176321335732853,1.4049137910813678,0.01986649482296296,-2.6330085982803437,0.5050242938894831,0.007141407952372261,8.572455508898221,1.0129128819246365,0.014323319090902729,0.030389522095580886,0.36888924623387187,0.005216360140440447,0.0,0.0,0.0,10.14615776844631,1.841440762051568,0.026039301200063234
R:A:GLY:27,5.060890821835633,1.4528035532875239,0.020543690618876693,-2.243818036392722,0.48474601714959453,0.00685465848601424,4.234257348530294,0.808856606918913,0.01143781611077039,0.49803159368126376,0.5794492663824655,0.008193830770140275,0.0,0.0,0.0,7.549361727654469,1.8263699867372998,0.025826189561712457
R:A:LEU:28,16.817470705858828,2.6482080808697352,0.03744757326941226,-8.302810837832434,0.8419017282952308,0.011905097973126865,-10.797746050789842,0.9498191361615205,0.013431127995960527,-0.15986882623475304,0.39795220014378885,0.005627331281201309,0.0,0.0,0.0,-2.4429550089982004,2.963499098145326,0.04190601577470722
R:A:SER:29,11.464111377724455,1.9977110300342784,0.02824907555744353,-3.735650069986003,0.7716341014283892,0.01091146302254565,19.83335392921416,2.466915326893699,0.03488396290330331,-3.5680769846030795,1.740745378330142,0.02461539581021137,0.0,0.0,0.0,23.99373825234953,3.70163940008324,0.05234385230258609
R:A:PHE:30,24.228722655468907,2.764966396365428,0.039098620105921474,4.088040191961608,1.6657371985104321,0.023554726019988034,-1.009011597680464,0.9996093545446282,0.014135197613627849,-0.4636478704259148,0.5504358566204725,0.0077835602193832175,0.0,0.0,0.0,26.844103379324135,3.423728681054918,0.048413994188963014
R:A:GLU:31,16.45042691461708,2.335543547779562,0.03302627114582858,-1.4468340331933613,0.803051375285069,0.011355725946283432,62.49158388322336,8.250699358153373,0.11667084281264953,-153.75225114977005,8.116011199016095,0.11476625504847392,0.0,0.0,0.0,-76.25707438512298,11.833990571912295,0.16734116635792348
R:A:ASP:49,20.60812277544491,2.1081210922561473,0.029810353511619966,-2.023150969806039,1.1656826984101998,0.01648359453810963,-14.333366326734652,10.39448148776542,0.1469854691262805,-94.27421855628873,11.137410972528103,0.15749102815528254,0.0,0.0,0.0,-90.02261307738452,15.423688250981849,0.21810208194573774
R:A:CYS:50,13.122699660067987,1.889593788738891,0.026720219745718175,-5.83475124975005,0.84784390889607,0.011989124694832556,8.367467706458708,1.4524877317501659,0.0205392246744346,0.5857028594281144,0.7387631173123912,0.01044664358671142,0.0,0.0,0.0,16.24111897620476,2.6353169704380206,0.037265283665395506
R:A:VAL:51,14.492150169966008,2.1824792522512486,0.030861831552454557,-5.636282543491301,0.9095629355940402,0.012861876270165712,5.770987402519496,0.8553608190787726,0.012095419229185726,0.4292007598480304,0.34143066983937037,0.004828076055502097,0.0,0.0,0.0,15.05605578884223,2.537466739375255,0.035881610787262604
R:A:MET:53,18.36226774645071,2.565830906519237,0.03628270057889306,-9.0680699860028,1.1317233009773127,0.016003384152551304,2.467001399720056,1.048977173429415,0.014833294197576029,0.909380923815237,0.5551571071195156,0.007850322108399168,0.0,0.0,0.0,12.670580083983204,3.045133559433082,0.04306038596656097
R:A:ARG:54,27.545840631873627,3.8418219206078237,0.05432613430163172,-5.501963407318536,1.6767384315113572,0.023710291393355794,-343.2619100179964,14.776467342950214,0.20894991125715265,74.28526714657069,11.187676672622972,0.15820182142747236,0.0,0.0,0.0,-246.93276564687062,19.0020826202234,0.268703160575864
R:A:PRO:56,17.38943071385723,1.8717647940271873,0.026468104894695137,-1.5641933613277346,0.7918862017061724,0.011197842334839983,-21.299009398120376,3.9111943090476897,0.05530710993483151,28.966805638872223,3.6443234598372594,0.051533363547049287,0.0,0.0,0.0,23.493033593281346,5.719188893860694,0.08087345805323527
R:A:ARG:60,27.70569326134773,3.8641072375574557,0.05464126476488041,-4.510506698660269,1.682541872576883,0.023792356237914616,-389.1135062987403,30.407068461295776,0.42997789046034535,113.90020875824835,25.632991216193894,0.3624689931341686,0.0,0.0,0.0,-252.01811097780447,39.992528339625146,0.5655232102211937
R:A:ARG:62,28.044901819636074,3.832677607812794,0.05419682711997029,-7.485420915816836,1.597300097750572,0.022586976029507932,-389.9374641071785,13.000189781272104,0.18383206473358638,117.27216816636673,11.412837609440281,0.1613857595552144,0.0,0.0,0.0,-252.10581503699257,17.790407018847258,0.2515691932003131
R:A:GLY:63,5.311495700859828,1.4255035863639791,0.020157649386313797,-2.7720417916416715,0.4887691244357698,0.006911548126204551,9.02590801839632,0.989417145131555,0.013991072417601749,-1.445117176564687,0.32479071548480815,0.004592775093167032,0.0,0.0,0.0,10.120244751049789,1.8317726462865649,0.02590258706641849
R:A:PHE:64,25.454293341331734,2.7723067978738114,0.03920241868024718,0.7953105378924215,1.544305996603232,0.02183760119756123,-1.5148402319536092,0.8576300291009539,0.012127507496411847,-0.5781225754849031,0.3756492091121506,0.005311950893679034,0.0,0.0,0.0,24.156641071785643,3.3086564626452737,0.046786789981975725
R:A:PHE:66,24.73519656068786,2.77564841417863,0.039249671546182044,-0.7913335332933413,1.5626478375758364,0.02209696806479469,-2.23946150769846,0.8178341741580394,0.011564765389944043,-0.34693421315736855,0.204072953419022,0.0028857388249318968,0.0,0.0,0.0,21.35746730653869,3.2949341253127815,0.04659274622975013
R:A:ARG:89,28.305091181763647,4.138684736847447,0.058523988746077914,-6.783473105378924,1.7230058537022317,0.024364546130736766,-351.852326934613,8.924191635034774,0.12619450961477502,80.75344131173765,8.79722798707375,0.1243991520128109,0.0,0.0,0.0,-249.5772675464907,13.309014881586258,0.18819907450709697
R:A:VAL:91,13.715862027594484,2.313973042001999,0.032721248628376595,-5.435796640671866,1.02175463332963,0.014448347836174014,7.369510097980403,0.9996219257044837,0.014135375378899834,-0.3000841831633673,0.32770291068625435,0.00463395563482038,0.0,0.0,0.0,15.34949130173965,2.7395413780163893,0.038739091999206735
R:A:GLU:92,16.717718456308738,2.3443897634234645,0.03315136301865953,-2.0951473705258947,1.298429360079693,0.018360728127062964,41.87408938212357,17.12364431490226,0.24214068741571806,-132.96404559088182,16.301172186569584,0.23051033800689363,0.0,0.0,0.0,-76.4673851229754,23.793475816816596,0.33645691795170407
R:A:LYS:94,19.998036392721453,2.6359321739737815,0.03727398308733573,-5.20580623875225,1.3208928479880178,0.018678378056239706,-120.59855248950211,13.638626215769813,0.19286001662733007,76.54827574485104,13.230161545742527,0.1870840314359438,0.0,0.0,0.0,-29.25804659068186,19.22868159603211,0.2719074336126654
R:A:ARG:95,25.654277144571086,3.7380353426273243,0.052858517194281945,-8.173940411917616,1.2797405060776856,0.01809645424518142,-309.06369586082786,19.101751118997402,0.27011254507153626,52.955708258348324,12.587913027511437,0.17800217392732556,0.0,0.0,0.0,-238.62765086982603,23.215147946673476,0.32827894453361267
R:A:ALA:96,7.444037192561488,1.7475963649554425,0.024712273704917603,-4.654838832233553,0.5154380493747114,0.007288665969731212,2.874204959008198,0.8699338384077044,0.012301492238712042,-0.14659948010397922,0.29707549912655773,0.00420086193394416,0.0,0.0,0.0,5.5168038392321535,2.040786165411932,0.02885818905566032
R:A:VAL:97,13.393015196960608,2.3173302312551116,0.03276872170703812,-5.210416316736653,0.8762675375056717,0.012391055314495589,5.2984047190561885,0.877270437371321,0.012405237042310745,0.667117376524695,0.3021289030284705,0.004272320711765978,0.0,0.0,0.0,14.148120975804838,2.6455149767684136,0.03740949083401569
R:A:ALA:98,7.5195260947810425,1.880308430819243,0.026588918084213337,-3.5724483103379323,0.45888487261227295,0.006488963240278809,4.888374525094981,0.9237449250553891,0.013062419835188546,-1.5896516696660667,0.4934381383744381,0.006977571352561736,0.0,0.0,0.0,7.245800639872025,2.2006637644788727,0.031118973677702066
R:A:ARG:99,28.022888822235554,3.906234162229781,0.05523696987947391,-6.834991201759648,1.369034591666675,0.019359137052010048,-334.4892647470506,13.316009669056031,0.18829798584951393,66.33433213357328,11.360079676983421,0.16063972431897566,0.0,0.0,0.0,-246.9670349930014,17.986118114177845,0.2543366893177716
R:A:SER:102,11.913791041791642,2.0032607907530613,0.028327553178838023,-3.311914417116576,0.9424626322096186,0.013327101721463588,18.42949770045991,2.757151547578306,0.03898811250470269,-2.1571435712857427,2.075944705549515,0.029355356184391123,0.0,0.0,0.0,24.87423075384923,4.100331777514177,0.05798165022475609
R:A:HSD:108,25.180199560087978,2.7768012423542126,0.03926597336849126,-7.52736772645471,1.4648873522422325,0.02071456425603465,-8.28066726654669,4.8457259020463335,0.06852206103863744,-2.1994559088182366,3.449395867878158,0.048776946732657124,0.0,0.0,0.0,7.172708658268347,6.725764749483646,0.09510716701929291
R:A:THR:110,15.703462707458506,2.316433188528347,0.032756036875555665,-2.0029408118376324,0.8903195082276445,0.01258976032071923,-1.6970045990801839,2.8686772220621073,0.04056516602131349,-2.489975204959008,1.6733007748424864,0.023661680447368365,0.0,0.0,0.0,9.513542091581684,4.1458142784153695,0.05862480560868428
R:A:ASP:167,18.262930413917218,2.2515818453246528,0.03183899208448224,-3.5215410917816437,1.239120563467077,0.017522058944412413,-23.768149970005997,11.16136521031513,0.15782975836350244,-84.8671575684863,11.579179022512786,0.1637379471717269,0.0,0.0,0.0,-93.89391821635672,16.286758448826937,0.23030651735393853
L:C:ADE:3,67.50321875624876,4.93019356930435,0.06971649480741518,7.144342931413718,2.2948244656855263,0.032450473941222656,46.97848390321936,10.624529795709307,0.15023851820858813,-169.1429598080384,11.727594066477005,0.1658366429929812,0.0,0.0,0.0,-47.51691421715657,16.73290542395732,0.236615357531873
L:C:GUA:4,67.75790121975604,4.749540967036815,0.06716193664841216,1.4222913417316534,2.4453917645086305,0.0345796041992966,-52.37858228354329,11.226256070026556,0.15874736194651118,-184.8077448510298,11.987082903908563,0.1695060024071861,0.0,0.0,0.0,-168.00613457308538,17.27012050260428,0.24421196641030296
L:C:GUA:5,63.48452329534093,4.693628684361587,0.06637129662383635,0.4924445110977805,2.9134685776818907,0.04119854811221674,-47.2058650269946,12.344246300436227,0.17455655057114655,-192.00466686662668,10.131891904668466,0.14327226293079975,0.0,0.0,0.0,-175.23356408718257,16.898346063254873,0.23895480755718929
L:C:GUA:6,63.28713577284543,4.5403912457880855,0.0642044086628595,0.7041701659668067,2.588180849171122,0.03659874489620695,-65.01879924015198,8.403798280526459,0.11883577205459614,-175.23958268346328,7.80668145686362,0.11039210927520868,0.0,0.0,0.0,-176.26707598480303,12.604837709449614,0.1782415011431587
L:C:THY:7,62.15785202959408,4.125897218367063,0.05834316400700724,4.848632673465307,2.7571654280084013,0.03898830878400066,-24.96797200559888,7.163016227073779,0.10129021844281914,-169.8088798240352,6.82506281835266,0.09651131336879816,0.0,0.0,0.0,-127.7703671265747,11.068661752791801,0.15651886457724357
L:C:THY:8,62.71039292141572,4.19724823607454,0.05935211888587398,3.339161167766447,3.09017624781682,0.04369732208411385,-25.706103379324134,9.742381487629217,0.1377643045544753,-164.88959088182364,9.07500602902849,0.1283271339768708,0.0,0.0,0.0,-124.5461401719656,14.298105240737529,0.20218552593512146
L:C:ADE:9,67.56590401919617,4.743601114899775,0.06707794285286486,-5.5555104979004195,2.5906973434569105,0.03663432994136631,28.823327334533097,9.404009964262537,0.13297948703764526,-147.24524115176968,8.764382669413688,0.1239346955191851,0.0,0.0,0.0,-56.41152029594082,13.945008829202697,0.1971924878737866
L:C:GUA:10,65.60222155568887,4.678790695129404,0.06616147674866989,-5.084083783243352,2.60571298717734,0.03684666197919602,-98.97656388722257,11.202055151107135,0.15840514348906864,-137.16221835632874,8.548355571156174,0.12087991645985983,0.0,0.0,0.0,-175.62064447110575,15.074523047835939,0.21316463400786972
L:C:GUA:11,66.02823195360926,4.696135173764987,0.066406740192739,-1.53598600279944,3.2310688178778966,0.045689644695993036,-113.60932373525296,11.783490950511158,0.1666270652696602,-133.66925354929012,9.307261323624187,0.13161139144304576,0.0,0.0,0.0,-182.78633133373324,16.06142159346876,0.22712009161108193
L:C:GUA:12,59.728218356328746,4.641554373322678,0.06563492828776389,4.285317536492701,3.2440877991233106,0.04587374248558993,-120.32554369126174,9.613029150618996,0.13593516916562431,-91.64218796240752,7.7467000372784245,0.10954392871834615,0.0,0.0,0.0,-147.95419576084782,13.582703102370742,0.1920692234485034

Backbone Energy Decomposition:
Residue,Internal,,,van der Waals,,,Electrostatic,,,Polar Solvation,,,Non-Polar Solv.,,,TOTAL,,
,Avg.,Std. Dev.,Std. Err. of Mean,Avg.,Std. Dev.,Std. Err. of Mean,Avg.,Std. Dev.,Std. Err. of Mean,Avg.,Std. Dev.,Std. Err. of Mean,Avg.,Std. Dev.,Std. Err. of Mean,Avg.,Std. Dev.,Std. Err. of Mean
R:A:GLU:18,4.143419516096781,0.9035690568865964,0.012777118499926125,0.2985608878224355,0.878783625137593,0.012426634609275813,4.964866426714657,1.365274889481909,0.019305972150032647,-1.9937678464307136,0.773744808892495,0.010941309949221607,0.0,0.0,0.0,7.41307898420316,2.012797618617139,0.028462410806823407
R:A:GLN:19,4.292121175764847,0.8850195628279522,0.012514815268208976,-0.4486106778644271,0.6777253454528512,0.009583525446402329,7.75715376924615,0.9216619247910636,0.013032964708311614,-2.2304759048190363,0.5129191205876938,0.007253046498967687,0.0,0.0,0.0,9.370188362327536,1.5346393707745765,0.021700908132691613
R:A:LYS:22,4.175814637072586,0.799760582946988,0.011309191767913946,-1.5385140971805638,0.5235749368603583,0.007403727430537439,3.3736774645070984,0.846389695971401,0.011968561074685313,0.6067372525494901,0.43992563103074867,0.0062208658829051985,0.0,0.0,0.0,6.6177152569486095,1.350428740374107,0.01909603688833658
R:A:PHE:24,4.225105178964208,0.8122102234309562,0.011485238668295024,-0.235875824835033,0.8114022945744709,0.011473813971244869,0.7637386522695462,0.9775270625676267,0.013822938069999487,0.687375924815037,0.4175171011423607,0.005903993099789293,0.0,0.0,0.0,5.440343931213758,1.5645890254264516,0.022124417861806762
R:A:GLY:26,2.0147028594281142,0.8103091824085439,0.011458356576404585,-1.079760447910418,0.5963209757019343,0.008432408914918662,-2.409962207558489,1.399347585283427,0.019787784656282042,0.6514999000199959,0.7263879914667922,0.010271650377088305,0.0,0.0,0.0,-0.8235198960207958,1.8702975313418528,0.026447356741515084
R:A:GLY:27,2.5207374525094983,0.8357179074130665,0.011817654283470229,-0.9531865626874626,0.6258388761715087,0.008849813328332646,-7.736566086782642,2.2202462500811624,0.03139588415527606,0.7110903819236153,0.7512014586668302,0.010622530709247251,0.0,0.0,0.0,-5.457924815036992,2.5659103184252423,0.036283823520549374
R:A:LEU:28,3.564413917216557,0.9112232542436883,0.01288535437399464,0.39796500699860027,0.889701698746661,0.012581024048833047,2.817114377124575,1.0600082562954751,0.014989281669577125,-1.750402319536093,0.4106403338809483,0.005806750648284552,0.0,0.0,0.0,5.029090981803639,1.7070852114207955,0.024139416760187313
R:A:SER:29,3.4268000399920013,0.8457485020396182,0.011959494129790086,0.9329752049590082,0.895725406240331,0.012666203619634987,-3.7217466506698655,1.224209769152943,0.01731120955284939,0.3855610877824435,0.6682809651844431,0.009449975094131955,0.0,0.0,0.0,1.0235896820635872,1.8608878363308243,0.026314296863813712
R:A:PHE:30,4.748482703459308,0.8841010756742513,0.012501827197054864,-0.06360487902419515,0.5679369294006466,0.008031038017658663,2.432766446710658,1.5226970898233438,0.021532035662225352,0.09299200159968006,1.2389994368098518,0.017520346126071555,0.0,0.0,0.0,7.210636272745449,2.226637172858886,0.031486256415185244
R:A:GLU:31,4.258932413517297,0.9014904512108982,0.012747725515703617,0.024921215756848632,0.5604576551668775,0.007925275682782354,2.9814677064587083,1.1529917724777736,0.016304135687370405,-1.108731853629274,0.9709352691213655,0.013729725353884436,0.0,0.0,0.0,6.15658948210358,1.843611439833459,0.02606999615030859
R:A:ASP:49,4.360973605278944,0.8464741250707528,0.011969754963076066,-1.350617476504699,0.5281102890031972,0.007467860582648269,3.404365326934613,1.0874596352131396,0.015377463976999139,0.9813447310537893,0.5880601623863119,0.008315595053448942,0.0,0.0,0.0,7.396066186762647,1.5886478950884764,0.022464627640243817
R:A:CYS:50,4.231562887422516,0.8021507210858277,0.011342990045974038,-1.0168088382323535,0.5466182934535967,0.007729577121365014,3.7157266546690666,1.5805396253071142,0.02234997085442735,-2.859492901419716,1.3715395591258572,0.019394559099523177,0.0,0.0,0.0,4.070987802439513,2.306829774276754,0.03262023766800059
R:A:VAL:51,3.731120975804839,0.8316108971298312,0.011759578194355217,-0.9428932213557288,0.6990776365237721,0.009885462250433802,-2.3572985402919415,1.2469074316192295,0.017632170879261284,1.0000979804039192,0.6699095922776113,0.009473005056482924,0.0,0.0,0.0,1.4310271945610877,1.7843327130794762,0.02523175217715819
R:A:MET:53,4.358148970205959,0.9022055113146394,0.01275783698157381,-0.9112651469706059,0.6588818517944613,0.009317064848188117,2.1209500099980003,1.3328410420045782,0.018847334141716705,-0.5180289942011598,0.7755746788947274,0.01096718563152811,0.0,0.0,0.0,5.049804839032194,1.9042272461723464,0.026927147393655936
R:A:ARG:54,3.8741527694461104,0.8380176112430322,0.01185017375514343,-0.8473097380523895,0.5705505946425277,0.008067997130257895,5.283688662267546,2.1544316718066816,0.030465218525209843,-1.842330133973205,1.1792736991463273,0.016675781096087212,0.0,0.0,0.0,6.468201559688063,2.657078053761766,0.03757300108687551
R:A:PRO:56,8.619114377124575,1.3045429409790563,0.01844717857267606,-0.18668166366726655,0.7840666610282091,0.011087268386898925,27.227657268546295,4.358477429402513,0.061632016026107246,-27.640313137372527,3.233828723523056,0.04572867175342495,0.0,0.0,0.0,8.019776844631073,5.636538523729622,0.0797047221772346
R:A:ARG:60,3.9444985002999395,0.9075066304941647,0.012832798632177927,0.08639612077584483,0.8579749424409651,0.01213238481993675,3.7571621675664866,2.066333242456948,0.029219443160416456,-1.596233353329334,1.5413059216607532,0.021795177972953703,0.0,0.0,0.0,6.191823435312938,2.864445199209892,0.040505322164261254
R:A:ARG:62,4.456712857428514,0.8300666528677156,0.011737741466127861,-0.9045392921415716,0.5530954091289304,0.007821168211045119,11.395589682063587,1.149385826104563,0.016253145003522016,-4.433331133773246,1.0304913491361125,0.01457189130228633,0.0,0.0,0.0,10.514432113577286,1.8379133215951575,0.025989420646530016
R:A:GLY:63,2.914387722455509,0.8228507055259264,0.011635702763526694,-1.4892217556488703,0.5652875192490219,0.007993573446241336,-7.161698660267946,1.5704392585144031,0.022207144379328848,0.5682795440911818,0.8096202591626909,0.011448614704565869,0.0,0.0,0.0,-5.168253149370126,2.029383574323287,0.028696948189303267
R:A:PHE:64,3.8176878624275146,0.8304003382744305,0.011742460018573628,-1.3719192161567686,0.5875526402388599,0.00830841832404469,4.884991801639672,0.9115246337325137,0.012889616097448781,-0.32408138372325535,0.3878856358800368,0.005484982798254948,0.0,0.0,0.0,7.006679064187163,1.419899732826652,0.02007840685343051
R:A:PHE:66,4.362355328934214,0.7608596188812808,0.010759104064223035,-1.5823033393321335,0.5124802191029935,0.007246840115252939,3.8210315936812638,0.8604055210594047,0.012166754955561136,-0.7050899820035992,0.3868524748972828,0.005470373156406837,0.0,0.0,0.0,5.895993601279744,1.3158631511748018,0.018607254513759625
R:A:ARG:89,3.9566288742251547,0.8431208155989112,0.011922336747321448,-0.5886016796640672,0.7022928163303426,0.009930927213044043,3.8376740651869623,1.123423120575539,0.01588601361207524,-0.5120897820435913,0.4843542545790082,0.006849118680561555,0.0,0.0,0.0,6.69361147770446,1.6433947977701056,0.02323878835074598
R:A:VAL:91,3.454619676064787,0.8393505984029362,0.011869023155497689,-0.8140995800839832,0.6448055235876735,0.00911801540955229,-1.1170245950809838,1.5735787626841204,0.022251539233824762,0.6763743251349731,1.0031593297799133,0.014185396825195951,0.0,0.0,0.0,2.1998698260347926,2.1454049393024883,0.030337574013709394
R:A:GLU:92,6.373935412917416,0.9846330559029182,0.013923421943603517,-0.5127434513097381,0.6672604300221252,0.009435543990495884,15.002475904819036,1.509649549636194,0.021347534028583543,-0.39975624875024995,0.7160841245822656,0.010125946263841336,0.0,0.0,0.0,20.463911617676462,2.050989266779703,0.02900246827178573
R:A:LYS:94,3.6757146570685864,0.8509406815721156,0.012032915295171955,-0.7436756648670266,0.6856628740644405,0.009695767828867578,3.463353129374125,1.2295803608150078,0.017387153594489505,-0.26590661867626475,0.5268170238734278,0.007449572880464416,0.0,0.0,0.0,6.129485502899421,1.727320948975478,0.024425564691769295
R:A:ARG:95,4.105165766846631,0.8837301548088948,0.012496582108353967,-0.08721455708858229,0.7066296870731643,0.009992253694930031,4.645379724055189,1.0399560736174356,0.014705729336408157,-1.3852219556088783,0.5531820729603282,0.007822393700159634,0.0,0.0,0.0,7.27810897820436,1.6333473427505094,0.023096710086301642
R:A:ALA:96,3.3438252349530098,0.8776823328491867,0.012411061541600713,-0.8132729454109178,0.6050438764812097,0.008555757026577036,3.7636300739852024,1.1552553920770896,0.016336144901983037,2.102254349130174,0.5028124254894025,0.007110130537061636,0.0,0.0,0.0,8.396436712657469,1.6504059276471124,0.023337930786594283
R:A:VAL:97,3.460669866026794,0.8894100334200489,0.012576899690642556,0.38519496100779843,0.9236852929859324,0.0130615765946946,-0.7848510297940412,1.3918562530798901,0.019681851813011915,-1.8673793241351728,0.7964755953634871,0.011262739672963061,0.0,0.0,0.0,1.193634473105379,2.0532612915247714,0.029034596341224638
R:A:ALA:98,3.056110377924415,0.91694799388492,0.012966306323621245,0.17101699660067987,0.8389491781784786,0.011863346783850086,8.352978204359127,1.5276950871391193,0.02160271095093656,-2.315255948810238,0.8239721017560062,0.011651560115444512,0.0,0.0,0.0,9.264849630073986,2.134809511595153,0.030187747020031127
R:A:ARG:99,4.263128574285143,0.930347594792355,0.013155786349902736,0.5187702459508098,0.6783707048803563,0.009592651294412982,7.91326874625075,1.654655335018585,0.02339802047329388,-4.428204359128174,1.1978525016486181,0.01693849877034715,0.0,0.0,0.0,8.266963207358527,2.3448813091043883,0.033158313829298104
R:A:SER:102,3.705499100179964,0.9016201181660122,0.01274955910001949,0.12252269546090781,0.6774584789761404,0.009579751761844847,1.3487048590281945,2.064935077018143,0.029199672092164446,-2.6478176364727055,1.976941468942004,0.02795537897582105,0.0,0.0,0.0,2.528909018196361,3.0731292312789016,0.04345626496876099
R:A:HSD:108,0.0,0.0,0.0,0.0,0.0,0.0,0.0,0.0,0.0,0.0,0.0,0.0,0.0,0.0,0.0,0.0,0.0,0.0
R:A:THR:110,4.592517096580684,0.8267935908249909,0.011691458006929289,0.039728854229154176,0.6614511998079083,0.009353397283196991,-3.975979404119176,1.135668461658051,0.016059171571492732,-2.2125800839832035,0.8567552465697353,0.012115137440157865,0.0,0.0,0.0,-1.5563135372925414,1.7733803142265157,0.02507687735388246
R:A:ASP:167,4.081770845830834,0.8588855969127365,0.01214526213131614,-0.600744651069786,0.6681246659643911,0.009447764910371423,4.5128652269546095,1.1893252203399396,0.016817916859166383,0.8599086182763448,0.5561732108971148,0.00786469054905753,0.0,0.0,0.0,8.853800039992002,1.7052560388722946,0.024113550940379872
L:C:ADE:3,0.0,0.0,0.0,0.0,0.0,0.0,0.0,0.0,0.0,0.0,0.0,0.0,0.0,0.0,0.0,0.0,0.0,0.0
L:C:GUA:4,0.0,0.0,0.0,0.0,0.0,0.0,0.0,0.0,0.0,0.0,0.0,0.0,0.0,0.0,0.0,0.0,0.0,0.0
L:C:GUA:5,0.0,0.0,0.0,0.0,0.0,0.0,0.0,0.0,0.0,0.0,0.0,0.0,0.0,0.0,0.0,0.0,0.0,0.0
L:C:GUA:6,0.0,0.0,0.0,0.0,0.0,0.0,0.0,0.0,0.0,0.0,0.0,0.0,0.0,0.0,0.0,0.0,0.0,0.0
L:C:THY:7,0.0,0.0,0.0,0.0,0.0,0.0,0.0,0.0,0.0,0.0,0.0,0.0,0.0,0.0,0.0,0.0,0.0,0.0
L:C:THY:8,0.0,0.0,0.0,0.0,0.0,0.0,0.0,0.0,0.0,0.0,0.0,0.0,0.0,0.0,0.0,0.0,0.0,0.0
L:C:ADE:9,0.0,0.0,0.0,0.0,0.0,0.0,0.0,0.0,0.0,0.0,0.0,0.0,0.0,0.0,0.0,0.0,0.0,0.0
L:C:GUA:10,0.0,0.0,0.0,0.0,0.0,0.0,0.0,0.0,0.0,0.0,0.0,0.0,0.0,0.0,0.0,0.0,0.0,0.0
L:C:GUA:11,0.0,0.0,0.0,0.0,0.0,0.0,0.0,0.0,0.0,0.0,0.0,0.0,0.0,0.0,0.0,0.0,0.0,0.0
L:C:GUA:12,0.0,0.0,0.0,0.0,0.0,0.0,0.0,0.0,0.0,0.0,0.0,0.0,0.0,0.0,0.0,0.0,0.0,0.0

Receptor:
Total Energy Decomposition:
Residue,Internal,,,van der Waals,,,Electrostatic,,,Polar Solvation,,,Non-Polar Solv.,,,TOTAL,,
,Avg.,Std. Dev.,Std. Err. of Mean,Avg.,Std. Dev.,Std. Err. of Mean,Avg.,Std. Dev.,Std. Err. of Mean,Avg.,Std. Dev.,Std. Err. of Mean,Avg.,Std. Dev.,Std. Err. of Mean,Avg.,Std. Dev.,Std. Err. of Mean
R:A:GLU:18,20.81743551289742,2.7440452383728178,0.03880277983473254,-2.8214435112977405,1.5260892420770915,0.021580003142945937,-88.58017096580684,23.59803430050044,0.33369323387604394,-3.0528140371925607,21.71292215459984,0.30703638779411246,0.0,0.0,0.0,-73.63699300139972,32.22075331186917,0.45562470304282343
R:A:GLN:19,23.500279344131172,2.799352976445433,0.03958487116237455,-6.337400719856029,1.3043588109910247,0.018444574841772993,-42.08625114977005,3.068586565995585,0.043392028403566485,-4.778858028394321,2.080221981217823,0.029415839948918353,0.0,0.0,0.0,-29.70223055388922,4.825067460532982,0.06822993576804728
R:A:LYS:22,26.247209358128373,2.807704220775781,0.03970296378364953,-8.712907018596281,1.3610024007494477,0.01924555607623265,14.634870425914816,13.600036943870125,0.19231433647579066,-51.53531153769246,11.644002018804448,0.16465459111700845,0.0,0.0,0.0,-19.36613877224555,18.173588484797442,0.2569876556411262
R:A:PHE:24,28.393505498900222,2.956987887385832,0.04181394255593332,3.0463891221755643,1.8335919004789885,0.025928312633513688,2.8920853829234154,1.34414187399724,0.019007136061024922,-2.6771467706458707,0.4191605670120719,0.005927232893148573,0.0,0.0,0.0,31.65483323335333,3.7534317073871706,0.05307623290234579
R:A:GLY:26,6.191030793841232,1.7998515047535775,0.025451199090135584,-3.4704229154169166,0.7565146629244768,0.010697663251576867,10.388658468306339,2.2149631210941667,0.031321176898976434,-3.60301599680064,0.8940943554238395,0.012643139384087211,0.0,0.0,0.0,9.506250349930013,3.0850034389918326,0.04362417483451451
R:A:GLY:27,7.581615876824635,1.8840453249491063,0.026641760463835613,-2.302745850829834,0.7458575784221965,0.010546964386325164,-0.16599600079984003,2.245908473515722,0.031758766513072544,-2.4497048590281945,0.9787715954742269,0.01384053666338147,0.0,0.0,0.0,2.6631691661667665,3.179312664911913,0.044957775344661687
R:A:LEU:28,20.381891421715657,2.945933580968129,0.04165762668615336,-7.720026994601079,1.1308783658269737,0.015991436159801493,-6.800009198160367,1.2869365561578634,0.018198211586145093,0.11077104579084181,0.769037574381983,0.010874746256397737,0.0,0.0,0.0,5.972626274745051,3.4935705277205975,0.04940160830024732
R:A:SER:29,14.890919816036794,2.302290779984606,0.032556053013270275,-2.115306938612278,1.3010275189437142,0.01839746796828951,16.17836592681464,4.585363291252748,0.06484034583855915,-2.8714059188162366,3.505083518705701,0.04956441030080732,0.0,0.0,0.0,26.082572885422916,6.348573259128506,0.08977340715589352
R:A:PHE:30,28.97719796040792,3.034955336940627,0.04291645855568568,6.68166846630674,1.645385717584634,0.02326694139361548,4.5593847230553886,1.8181482208466873,0.02570992785900987,-3.0534467106578687,1.3696387378995991,0.01936768011570897,0.0,0.0,0.0,37.16480443911218,4.135193016314846,0.058474613298043654
R:A:GLU:31,20.70936152769446,2.673159712681172,0.037800407348879045,-1.356258148370326,0.9710394432905419,0.013731198451810991,-21.924363327334532,8.90174382895439,0.12587708143796172,-68.5650151969606,8.854031549663267,0.1252023953785422,0.0,0.0,0.0,-71.13627514497101,12.873368569596995,0.18203872128349027
R:A:ASP:49,24.969088582283543,2.402304276894135,0.03397031603153722,-3.8056780643871226,1.0966132943719284,0.015506903322988671,-84.27602919416117,8.97683241725599,0.12693888826214353,-24.32687122575485,9.525957570632276,0.13470391419182132,0.0,0.0,0.0,-87.43948990201959,13.352940291979197,0.18882021150760728
R:A:CYS:50,17.354259348130377,2.189088053145467,0.030955284766156676,-6.504758048390322,1.176063619163711,0.01663038824866783,12.97126174765047,1.6401571887333588,0.023193006222635617,-3.2319514097180564,1.1316517258913052,0.016002372029184985,0.0,0.0,0.0,20.588811637672464,3.1852760277896075,0.045042101599047715
R:A:VAL:51,18.223264147170564,2.4615587878576255,0.0348082175759354,-4.517594081183763,1.2750357623054849,0.018029925773194642,4.53030873825235,1.8714059456512753,0.026463030519706762,0.26789602079584085,0.8286910209628905,0.011718289038307022,0.0,0.0,0.0,18.50387482503499,3.4458492252100195,0.048726794645993325
R:A:MET:53,22.72042231553689,2.82802643589297,0.03999033457036949,-6.8510255948810235,1.193613820695027,0.016878560762936822,8.565305138972205,2.133964100427934,0.030175792296059132,-3.604559888022396,1.1462866117439627,0.016209319876001042,0.0,0.0,0.0,20.83014197160568,3.91027150633333,0.05529406083853548
R:A:ARG:54,31.41999800039992,3.987184924338452,0.05638167207156284,-5.885801639672065,1.7604061034646203,0.024893412651229897,-231.32118736252747,16.72409682146661,0.23649079753617067,-33.49110297940412,12.767565102064921,0.18054258390244884,0.0,0.0,0.0,-239.2780939812038,21.48727079922536,0.30384551479407507
R:A:PRO:56,26.008553089382126,2.710968244717407,0.03833504727534995,-1.1056850629874024,0.991354299494089,0.0140184651781817,8.98650669866027,2.996276582248984,0.042369513052895276,-1.6830955808838233,1.7079513697076418,0.024151664863402426,0.0,0.0,0.0,32.20627914417117,4.497432980002199,0.06359694778500599
R:A:ARG:60,31.650195360927817,4.054013010207181,0.05732666943038137,-3.541127774445111,1.7597411640572402,0.024884009928174463,-212.86088762247553,10.096895831644582,0.14277739320429655,-54.27344531093781,8.856703691475897,0.1252401813920498,0.0,0.0,0.0,-239.0252653469306,14.139314557823909,0.19994011109183055
R:A:ARG:62,32.50161427714457,4.015515151584115,0.05678228192853927,-6.165213357328534,1.6757085747897877,0.02369572847614526,-192.55099880023994,12.325821953112685,0.17429601700457242,-69.77825634873025,9.105138374242829,0.12875322708237277,0.0,0.0,0.0,-235.99285422915418,15.929902472839235,0.22526031633825466
R:A:GLY:63,8.225874825034992,1.8444594943134052,0.02608198825263002,-3.61279724055189,0.7227635410375466,0.010220398032534642,0.7294463107378525,1.892603395232228,0.02676277775333302,0.02095080983803238,0.6812455657658764,0.009633303901897861,0.0,0.0,0.0,5.363474705058988,2.8232005056205662,0.039922092433818966
R:A:PHE:64,29.271975604879025,2.997917065573754,0.042392710670916815,2.115627074585083,1.710509597074066,0.02418784004443749,3.389463307338532,1.190606742388256,0.01683603850570442,-1.4062905418916218,0.5040298698952047,0.007127346079494669,0.0,0.0,0.0,33.370775444911025,3.6857754053262366,0.05211952396891023
R:A:PHE:66,29.097555688862226,2.9513659522247218,0.041734444335841635,1.8769646070785844,1.6320649302524024,0.023078575848160997,2.0025880823835234,1.3132786786179085,0.018570708206792214,-1.7334515096980603,0.5002056734534999,0.007073269182183663,0.0,0.0,0.0,31.243656868626275,3.6536425008446827,0.05166514151172174
R:A:ARG:89,32.26172385522895,4.298832908529212,0.0607885994601445,-5.02400799840032,1.3511291609369203,0.01910594134053383,-233.58751429714056,9.285540068998193,0.13130423722809323,-34.46255068986203,8.166759875575316,0.11548387795639625,0.0,0.0,0.0,-240.81234913017397,13.161410852308569,0.18611184701875647
R:A:VAL:91,17.17048430313937,2.591195846056611,0.03664137912785665,-6.181352929414117,1.3057429518418469,0.018464147592230473,8.38449050189962,2.1291086877843717,0.030107133257505286,-1.7290903819236154,0.9316694586780375,0.013174478459132699,0.0,0.0,0.0,17.644531493701262,3.7175761395750873,0.05256920929930686
R:A:GLU:92,23.091657868426314,2.696431304292179,0.038129484447557344,-2.4855274945011,1.5158531527617554,0.021435257453437124,-41.880830033993206,13.032234915935367,0.18428520606220758,-36.366109978004395,12.01891288304081,0.16995610128133773,0.0,0.0,0.0,-57.64080963807239,17.99616532358363,0.2544787641090594
R:A:LYS:94,23.67374385122975,2.8453520517705684,0.04023533128142891,-5.1732027594481105,1.470950620563028,0.020800303245480118,-12.217578684263147,14.951794546188335,0.21142916443095325,-29.097095980803836,13.046354964709982,0.18448487374122222,0.0,0.0,0.0,-22.81413357328534,20.100329898867077,0.28423316961557465
R:A:ARG:95,29.759445510897812,3.929611811831037,0.055567546714668126,-8.056493701259747,1.4006470630288286,0.019806160209334095,-234.1985870825835,19.62806181724331,0.2775549581422517,-16.818883423315338,13.291839790683715,0.18795620632780702,0.0,0.0,0.0,-229.31451869626076,24.069430340362878,0.3403591140495769
R:A:ALA:96,10.78786702659468,2.153669721721621,0.03045444400116694,-4.386419916016796,0.7885111877815187,0.011150117202460187,10.613355728854229,1.8768563808818144,0.026540103607022,-1.1183083383323336,0.8734792998640553,0.01235162762218877,0.0,0.0,0.0,15.896494501099781,3.0895953012109674,0.043689107079883084
R:A:VAL:97,16.853679864027193,2.6508229023607983,0.0374845487322093,-3.8225134973005397,1.113071591136162,0.015739635515908325,8.709733253349329,1.3938136641337422,0.019709531017824782,-1.0724331133773244,0.7902211660522828,0.011174297529167184,0.0,0.0,0.0,20.66846650669866,3.2913456895740794,0.04654200315890976
R:A:ALA:98,10.575642471505699,2.339388332490733,0.03308063917612679,-2.5636836632673465,0.9371937737080643,0.013252596260126004,11.41001599680064,2.0520593805744927,0.02901760045306199,-1.9315616876624675,1.0624713627973783,0.01502411177294653,0.0,0.0,0.0,17.490413117376523,3.4191904067833403,0.048349819715843144
R:A:ARG:99,32.2860073985203,4.113184780621622,0.058163400963708575,-1.8051223755248953,1.2231458782391187,0.017296165367600543,-190.84954789042192,10.785565167044401,0.15251567456597584,-73.89590601879624,9.109239273854655,0.12881121676218446,0.0,0.0,0.0,-234.26456888622275,14.755372953601961,0.20865162136958731
R:A:SER:102,15.61928234353129,2.3777720935027515,0.0336234132554133,-2.2346860627874423,1.270275520603332,0.017962612520429803,18.904395320935812,3.8585620461095824,0.05456285175627387,-5.055328534293142,2.0054936087957618,0.028359126837213023,0.0,0.0,0.0,27.233663067386523,5.116434862820256,0.0723500810935942
R:A:HSD:108,25.180199560087978,2.7768012423542126,0.03926597336849126,-3.741828434313137,1.092246641017662,0.015445155693485056,-2.454286142771446,2.87256832088539,0.040620188966578256,-10.551878424315138,1.5002287090908775,0.021214316544984475,0.0,0.0,0.0,8.43220655868826,4.4052199493429445,0.06229298898850807
R:A:THR:110,20.295984403119373,2.5604742281269126,0.03620695328092719,-1.7138502299540093,1.2794931790382493,0.01809295686236709,-5.310420315936813,3.133570487941607,0.04431094795372819,-5.024319936012797,2.018230669624588,0.028539238068679317,0.0,0.0,0.0,8.247393921215757,4.699537222623036,0.06645484761858601
R:A:ASP:167,22.3447050589882,2.600266132764137,0.03676963952722191,-4.07924775044991,1.4195526742070788,0.020073499194104515,-101.38363547290541,8.808077180143867,0.12455256743184163,-2.248706858628274,9.533656612148944,0.13481278419466677,0.0,0.0,0.0,-85.3668850229954,13.313502385390217,0.1882625310491676

Sidechain Energy Decomposition:
Residue,Internal,,,van der Waals,,,Electrostatic,,,Polar Solvation,,,Non-Polar Solv.,,,TOTAL,,
,Avg.,Std. Dev.,Std. Err. of Mean,Avg.,Std. Dev.,Std. Err. of Mean,Avg.,Std. Dev.,Std. Err. of Mean,Avg.,Std. Dev.,Std. Err. of Mean,Avg.,Std. Dev.,Std. Err. of Mean,Avg.,Std. Dev.,Std. Err. of Mean
R:A:GLU:18,16.674023595280943,2.3831940016526665,0.03370008294922274,-3.1501313737252548,1.269724775664516,0.017954824589565134,-92.77641651669664,23.60952266280295,0.33385568760925943,-1.706024195160968,21.913469607745018,0.3098722735010927,0.0,0.0,0.0,-80.95854849030194,32.32493658571383,0.45709792971595703
R:A:GLN:19,19.20816696660668,2.5219490393196273,0.035662179310558165,-5.914116776644671,1.0821820561993882,0.015302835201326172,-48.894653269346136,2.9665883811592675,0.04194970046581976,-3.4306406718656266,2.1928430361841222,0.031008382936002627,0.0,0.0,0.0,-39.03124375124975,4.597885618874777,0.06501742058752506
R:A:LYS:22,22.071390721855632,2.573591771976306,0.036392444816869325,-7.214753449310138,1.181097174703835,0.016701566356330935,10.937674665066988,13.48671904137681,0.1907119395618137,-51.915359128174366,11.583028387018581,0.163792379963626,0.0,0.0,0.0,-26.121047190561892,18.002124937362023,0.25456303734847585
R:A:PHE:24,24.16840091981604,2.7813396793180085,0.0393301501421965,3.1932155568886222,1.5289880702680876,0.021620994665425587,-0.03502119576084782,0.8548621575955694,0.012088367795968004,-1.5392561487702459,0.2827613222872052,0.003998449144006999,0.0,0.0,0.0,25.787339132173564,3.2991511339496853,0.046652377774963276
R:A:GLY:26,4.176321335732853,1.4049137910813678,0.01986649482296296,-2.496152169566087,0.49601959674162244,0.007014075036711557,9.192150569886023,1.1249064795824648,0.01590698937885806,-0.650500299940012,0.42689857808467324,0.0060366539536362345,0.0,0.0,0.0,10.221819436112778,1.9150653212096118,0.02708040559567913
R:A:GLY:27,5.060890821835633,1.4528035532875239,0.020543690618876693,-1.7983007398520294,0.43481372487811837,0.006148579841041708,6.088303939212158,0.8882919701751356,0.01256108946954015,-1.4707842431513698,0.46815310804602955,0.006620022777477176,0.0,0.0,0.0,7.880109778044392,1.8187718649236964,0.02571874663629423
R:A:LEU:28,16.817470705858828,2.6482080808697352,0.03744757326941226,-7.834772645470907,0.8368558519579037,0.011833745640500347,-10.43972025594881,0.9138422034536663,0.012922388205715792,-0.026411317736452705,0.43884582241684,0.006205596609890592,0.0,0.0,0.0,-1.4834335132973406,2.956522786180705,0.041807365689265436
R:A:SER:29,11.464111377724455,1.9977110300342784,0.02824907555744353,-3.2443227354529096,0.749538820163712,0.010599019801016197,18.89404819036193,3.842734167321633,0.05433903412846252,-2.1197502499500103,3.1139547317515968,0.044033567006035036,0.0,0.0,0.0,24.99408658268346,5.386648100122401,0.07617109126093494
R:A:PHE:30,24.228722655468907,2.764966396365428,0.039098620105921474,6.70919976004799,1.549171308132046,0.021906400213495787,1.9186464707058588,0.7504067095556198,0.010611292383306083,-2.881071585682864,0.41956360346316374,0.0059329321194070885,0.0,0.0,0.0,29.975497300539892,3.2839175936778107,0.04643696452265713
R:A:GLU:31,16.45042691461708,2.335543547779562,0.03302627114582858,-1.390123375324935,0.8021691960501017,0.011343251295300817,-26.926665866826635,8.945392646329912,0.12649430721361007,-65.43552429514097,8.881938887640406,0.12559702527609537,0.0,0.0,0.0,-77.30188662267547,12.8455099970168,0.18164478096384007
R:A:ASP:49,20.60812277544491,2.1081210922561473,0.029810353511619966,-2.5186614677064587,0.8226944691287638,0.011633493468127152,-87.24237712457509,9.286840980972347,0.13132263306217482,-25.749634073185362,9.887081909680584,0.13981047294132795,0.0,0.0,0.0,-94.902549890022,13.752120011974545,0.19446490080531528
R:A:CYS:50,13.122699660067987,1.889593788738891,0.026720219745718175,-5.682098180363927,0.851179697351418,0.012036295150770399,8.255427114577085,1.4044536573064803,0.019859988199343277,0.6909752049590081,0.6949313662976438,0.009826830997395435,0.0,0.0,0.0,16.387003799240148,2.598170749394602,0.03674000929430139
R:A:VAL:51,14.492150169966008,2.1824792522512486,0.030861831552454557,-3.680237952409518,0.8433542428253671,0.011925637576749817,7.478605678864227,0.8501069615704379,0.012021125892717316,-1.2104347130573885,0.36468426297885376,0.005156898642804949,0.0,0.0,0.0,17.080083183363328,2.5159766539405064,0.03557772547149113
R:A:MET:53,18.36226774645071,2.565830906519237,0.03628270057889306,-6.03062427514497,1.0102935189358184,0.014286279408050188,5.904338532293542,1.2171537520468567,0.01721143237919028,-2.509416716656669,0.7947042054485846,0.011237690941291937,0.0,0.0,0.0,15.72656528694261,3.1172422532636848,0.04408005493256468
R:A:ARG:54,27.545840631873627,3.8418219206078237,0.05432613430163172,-5.177598080383923,1.6173359222286656,0.022870297045925223,-235.08194021195763,16.045539586006555,0.22689550856475613,-32.8005900819836,12.569965774846702,0.1777483868235091,0.0,0.0,0.0,-245.5142877424515,20.804777127907784,0.29419456177901543
R:A:PRO:56,17.38943071385723,1.8717647940271873,0.026468104894695137,-1.0742659468106377,0.5785955705769705,0.008181758895404675,20.10627794441112,2.4989601045256107,0.03533709918324357,-11.763890221955608,2.2456955534628023,0.03175575566987641,0.0,0.0,0.0,24.657552489502102,3.8892449654533436,0.054996730377272415
R:A:ARG:60,27.70569326134773,3.8641072375574557,0.05464126476488041,-3.6783987202559487,1.4059693835247196,0.019881421661850966,-214.61838092381524,9.796169504825576,0.13852490593226263,-54.52459368126375,8.517605230456486,0.12044508445223573,0.0,0.0,0.0,-245.11568006398716,13.616997116836261,0.19255416556037028
R:A:ARG:62,28.044901819636074,3.832677607812794,0.05419682711997029,-5.675110977804439,1.5989413048708758,0.02261018388252063,-200.40699420115976,12.224606778591617,0.172864761397721,-67.91854629074186,9.24811954395524,0.13077508400050183,0.0,0.0,0.0,-245.95574965006998,15.881270633432539,0.22457262703522587
R:A:GLY:63,5.311495700859828,1.4255035863639791,0.020157649386313797,-2.389408518296341,0.48998977222391826,0.006928808966775593,6.086877224555089,0.904090875775684,0.012784497395573954,0.9256178764247152,0.29993316550794313,0.004241271398732638,0.0,0.0,0.0,9.934582283543293,1.7831126344269652,0.025214499384575765
R:A:PHE:64,25.454293341331734,2.7723067978738114,0.03920241868024718,3.4080767846430717,1.5169257547269308,0.021450424819238166,-0.7977324535092981,0.7007389472479185,0.00990895438291204,-1.8562153569286144,0.28841353806354153,0.0040783755538491475,0.0,0.0,0.0,26.208422315536893,3.2497640172818185,0.04595400830643664
R:A:PHE:66,24.73519656068786,2.77564841417863,0.039249671546182044,3.363684263147371,1.5158577039994707,0.021435321811222693,-2.9693821235752846,0.8222213824463696,0.011626803681048214,-0.031499100179964004,0.3676619781581358,0.00519900568422557,0.0,0.0,0.0,25.097999600079984,3.2883540000799885,0.046499698510593566
R:A:ARG:89,28.305091181763647,4.138684736847447,0.058523988746077914,-4.454874825034993,1.1400752406824783,0.016121486606927995,-238.41685102979403,8.870045715429244,0.12542884723865166,-32.991610877824435,7.866954967257807,0.11124442020688959,0.0,0.0,0.0,-247.55824555088984,12.609328862239186,0.17830500928451912
R:A:VAL:91,13.715862027594484,2.313973042001999,0.032721248628376595,-5.379084183163367,1.0194521855192942,0.014415789562638262,7.178114577084583,1.0186057297811149,0.0144038200676791,-0.1221739652069586,0.31864120525524736,0.00450581658089754,0.0,0.0,0.0,15.39271845630874,2.7446026758169357,0.038810662402451644
R:A:GLU:92,16.717718456308738,2.3443897634234645,0.03315136301865953,-1.996514897020596,1.298343587273381,0.01835951523768615,-54.22445810837833,13.254136415937039,0.1874230534012943,-38.52188902219556,12.23095794131633,0.17295457142178886,0.0,0.0,0.0,-78.02514357128575,18.23322033344565,0.2578308930126816
R:A:LYS:94,19.998036392721453,2.6359321739737815,0.03727398308733573,-4.546447910417917,1.2527635957397432,0.017714981265863766,-14.66820415916817,14.994432909398602,0.21203210165553865,-29.50026014797041,12.992501371904092,0.1837233450769953,0.0,0.0,0.0,-28.716875824835036,20.05381921794416,0.2835754750241817
R:A:ARG:95,25.654277144571086,3.7380353426273243,0.052858517194281945,-8.007613877224555,1.279026963548731,0.018086364238913827,-238.80572505498898,19.376608203622602,0.27399922259112863,-16.619932813437313,13.075477790688725,0.18489669151624127,0.0,0.0,0.0,-237.7789946010798,23.707169445712083,0.33523648358368724
R:A:ALA:96,7.444037192561488,1.7475963649554425,0.024712273704917603,-3.9618698260347935,0.49610050645897147,0.007015219158501126,3.9216970605878823,0.8232432066733933,0.011641253012989445,-0.7472375524895022,0.28503172409537214,0.004030554263946976,0.0,0.0,0.0,6.656626874625075,2.0147409829526466,0.028489891380902462
R:A:VAL:97,13.393015196960608,2.3173302312551116,0.03276872170703812,-4.055627474505099,0.7721559575839806,0.010918842445168735,7.824396920615877,0.7029420043860016,0.009940107200619617,-0.4455878824235153,0.32224203440796967,0.004556734903555524,0.0,0.0,0.0,16.716196760647872,2.5620717425144246,0.03622954328716856
R:A:ALA:98,7.5195260947810425,1.880308430819243,0.026588918084213337,-3.128598280343931,0.4467580958749335,0.00631748186626073,3.959085782843431,0.9522609748629745,0.013465657357284262,-0.2475134973005399,0.5584840808600292,0.007897367917908358,0.0,0.0,0.0,8.102500099980004,2.2257264036850475,0.03147337748183585
R:A:ARG:99,28.022888822235554,3.906234162229781,0.05523696987947391,-2.4915470905818835,0.9734054309512725,0.013764655224683096,-196.43222275544892,10.457839309750575,0.1478813944495656,-71.39768946210758,8.921395076675179,0.12615496426151157,0.0,0.0,0.0,-242.29857048590284,14.32354273934577,0.20254523052170736
R:A:SER:102,11.913791041791642,2.0032607907530613,0.028327553178838023,-2.482512297540492,0.9262760927600023,0.01309821237307875,17.287676864627077,2.4400673848470107,0.03450431362869038,-2.1048002399520094,1.1927221809993025,0.01686595233421222,0.0,0.0,0.0,24.614155368926216,3.4996508739343097,0.04948758878342242
R:A:HSD:108,25.180199560087978,2.7768012423542126,0.03926597336849126,-3.741828434313137,1.092246641017662,0.015445155693485056,-2.454286142771446,2.87256832088539,0.040620188966578256,-10.551878424315138,1.5002287090908775,0.021214316544984475,0.0,0.0,0.0,8.43220655868826,4.4052199493429445,0.06229298898850807
R:A:THR:110,15.703462707458506,2.316433188528347,0.032756036875555665,-1.7935362927414518,0.863082929447659,0.012204615442248556,-1.260398920215957,3.0256450806728794,0.04278480481357151,-2.80198400319936,1.7974477140899185,0.025417207755522583,0.0,0.0,0.0,9.84754349130174,4.3007117200652525,0.06081516721105635
R:A:ASP:167,18.262930413917218,2.2515818453246528,0.03183899208448224,-3.4855014997000606,1.239716487691351,0.017530485742975836,-105.20031153769247,8.716705062871764,0.12326049975745985,-3.817477904419116,9.774192304560023,0.13821413246127065,0.0,0.0,0.0,-94.24036052789442,13.34624666847065,0.18872555884092868

Backbone Energy Decomposition:
Residue,Internal,,,van der Waals,,,Electrostatic,,,Polar Solvation,,,Non-Polar Solv.,,,TOTAL,,
,Avg.,Std. Dev.,Std. Err. of Mean,Avg.,Std. Dev.,Std. Err. of Mean,Avg.,Std. Dev.,Std. Err. of Mean,Avg.,Std. Dev.,Std. Err. of Mean,Avg.,Std. Dev.,Std. Err. of Mean,Avg.,Std. Dev.,Std. Err. of Mean
R:A:GLU:18,4.143419516096781,0.9035690568865964,0.012777118499926125,0.3286826634673065,0.8787032887064141,0.012425498594166386,4.1962373525294945,1.1997648309242128,0.016965540486283445,-1.3467930413917217,0.7962057956494433,0.011258924510313,0.0,0.0,0.0,7.321546490701859,1.9136185170233824,0.027059946740439732
R:A:GLN:19,4.292121175764847,0.8850195628279522,0.012514815268208976,-0.42329214157168565,0.6778022428851506,0.00958461283158594,6.808393321335733,0.9008157805307897,0.012738185185429499,-1.3482161567686464,0.4833235983549337,0.006834544457808663,0.0,0.0,0.0,9.329006198760249,1.5125297611050095,0.021388262297177323
R:A:LYS:22,4.175814637072586,0.799760582946988,0.011309191767913946,-1.4981447710457907,0.52562260036413,0.007432682870120347,3.69720475904819,1.0266596984580916,0.014517708996694672,0.38004779044191167,0.47296332062337115,0.006688042654477283,0.0,0.0,0.0,6.754922415516896,1.4810876230467935,0.020943647775687257
R:A:PHE:24,4.225105178964208,0.8122102234309562,0.011485238668295024,-0.14681943611277742,0.8140416542334897,0.011511136421444091,2.9270975804839034,0.9526287315508122,0.013470857702231701,-1.137886222755449,0.4013110408920258,0.005674827713195649,0.0,0.0,0.0,5.867497100579884,1.5462539615441282,0.021865146827520374
R:A:GLY:26,2.0147028594281142,0.8103091824085439,0.011458356576404585,-0.974270945810838,0.6002512754296773,0.00848798618926074,1.1965154969006198,1.2912628628802065,0.018259388685158282,-2.9525220955808837,0.5955954200468734,0.008422149034378984,0.0,0.0,0.0,-0.7155746850629874,1.7432717086515674,0.02465111994401253
R:A:GLY:27,2.5207374525094983,0.8357179074130665,0.011817654283470229,-0.5044317136572686,0.6226770701088286,0.008805103108976696,-6.254297340531894,2.284643851602519,0.032306512711531135,-0.9789274145170965,0.9936101834678204,0.014050365005466364,0.0,0.0,0.0,-5.216919016196761,2.7005573276207895,0.0381878293948542
R:A:LEU:28,3.564413917216557,0.9112232542436883,0.01288535437399464,0.11474985002999401,0.6935224205048666,0.009806907487158909,3.639711057788442,0.7572086305065983,0.010707476453970523,0.13717216556688663,0.4840488247069188,0.006844799681765215,0.0,0.0,0.0,7.456046990601881,1.4556680052921456,0.02058419603727439
R:A:SER:29,3.4268000399920013,0.8457485020396182,0.011959494129790086,1.1290177964407118,0.9024982732706872,0.01276197684689587,-2.7156840631873624,1.1879971178136672,0.016799136531056538,-0.7516510697860428,0.6855921460352462,0.00969476768349585,0.0,0.0,0.0,1.0884827034593083,1.8469345967298423,0.026116987986887455
R:A:PHE:30,4.748482703459308,0.8841010756742513,0.012501827197054864,-0.02753189362127574,0.5703370166577648,0.008064976983430719,2.640743051389722,1.5859766911752573,0.02242685488931068,-0.17237532493501304,1.3149132404600055,0.01859382209077568,0.0,0.0,0.0,7.189318536292741,2.313274285394341,0.032711367705705985
R:A:GLU:31,4.258932413517297,0.9014904512108982,0.012747725515703617,0.033867826434713054,0.5604895562079021,0.007925726786522943,5.00230773845231,1.3298779492893713,0.01880543387249,-3.1294919016196756,1.1490148551506774,0.016247899206533172,0.0,0.0,0.0,6.165616076784643,2.0532033687887803,0.029033777271939384
R:A:ASP:49,4.360973605278944,0.8464741250707528,0.011969754963076066,-1.286996600679864,0.5320698789794616,0.007523852042240934,2.9663483303339335,1.0986793230923724,0.015536118459988073,1.422752849430114,0.5391425128614366,0.007623864189102144,0.0,0.0,0.0,7.463078184363127,1.5803125338668846,0.022346759617588263
R:A:CYS:50,4.231562887422516,0.8021507210858277,0.011342990045974038,-0.8226564687062586,0.5285067981355702,0.007473467507909841,4.7158274345130975,1.6609094673592069,0.02348645841771142,-3.9229260147970404,1.4404169543311511,0.020368535171187984,0.0,0.0,0.0,4.201807838432314,2.399205384310001,0.03392649545416767
R:A:VAL:51,3.731120975804839,0.8316108971298312,0.011759578194355217,-0.8373469306138772,0.7024011525753991,0.009932459165726989,-2.9482899420115976,1.4137031295887743,0.019990782412040053,1.4783227354529094,0.728586209208043,0.010302734762232457,0.0,0.0,0.0,1.4238068386322738,1.9272619090880132,0.0272528741496091
R:A:MET:53,4.358148970205959,0.9022055113146394,0.01275783698157381,-0.8203961207758447,0.6606037170670084,0.00934141326567825,2.660963407318536,1.6226430191472154,0.022945343226072817,-1.0951523695260947,0.9537324222612072,0.013486464685324478,0.0,0.0,0.0,5.103563887222555,2.189280237089048,0.030958002385803124
R:A:ARG:54,3.8741527694461104,0.8380176112430322,0.01185017375514343,-0.7081989602079584,0.5526453611746625,0.007814804208207146,3.760758448310338,2.294349044180899,0.03244375113807248,-0.6905208958208359,1.6638098997592152,0.023527472624864137,0.0,0.0,0.0,6.236191361727655,3.0066578340496153,0.04251631144469864
R:A:PRO:56,8.619114377124575,1.3045429409790563,0.01844717857267606,-0.03141011797640472,0.7688257951896101,0.010871751545793005,-11.119770845830834,4.127979653326093,0.058372611140059344,10.080800439912018,2.7414584427434145,0.03876620067784346,0.0,0.0,0.0,7.548733853229352,5.18157657472806,0.07327123190768027
R:A:ARG:60,3.9444985002999395,0.9075066304941647,0.012832798632177927,0.1372765446910618,0.8592134920627992,0.012149898805354468,1.757475904819036,1.3982656265948907,0.019772484979660658,0.25113857228554287,0.812487005168186,0.011489152561791316,0.0,0.0,0.0,6.090389522095581,2.0437950008299737,0.02890073615971406
R:A:ARG:62,4.456712857428514,0.8300666528677156,0.011737741466127861,-0.49011157768446306,0.4675501762532739,0.006611496886838605,7.8559970005998805,0.7050119708311333,0.009969378019887655,-1.8597182563487304,0.5648242189610624,0.007987022045841785,0.0,0.0,0.0,9.9628800239952,1.3128907391164175,0.018565222462295347
R:A:GLY:63,2.914387722455509,0.8228507055259264,0.011635702763526694,-1.2233779244151168,0.5497391367920488,0.007773708098240766,-5.357436712657469,1.4477360268098762,0.020472032137642822,-0.9046702659468105,0.7056105624213325,0.00997784253693009,0.0,0.0,0.0,-4.571097180563887,1.8902704227779628,0.02672978783930484
R:A:PHE:64,3.8176878624275146,0.8304003382744305,0.011742460018573628,-1.2924457108578284,0.5896045250868577,0.00833743345648117,4.1872065586882625,0.9039992790847003,0.012783202152265232,0.4499224155168966,0.44432811219321594,0.0062831201434709145,0.0,0.0,0.0,7.162371125774844,1.4324246527060447,0.020255518258786177
R:A:PHE:66,4.362355328934214,0.7608596188812808,0.010759104064223035,-1.4867236552689462,0.5143452570109249,0.00727321309712397,4.971963007398521,0.8674672757726175,0.012266613263125397,-1.7019450109978003,0.42637846645471394,0.0060292991998644775,0.0,0.0,0.0,6.145649670065987,1.3333253444851494,0.018854182528275434
R:A:ARG:89,3.9566288742251547,0.8431208155989112,0.011922336747321448,-0.5691371725654869,0.7011203303544954,0.009914347415253578,4.82932473505299,1.0815174111145627,0.015293436640204047,-1.4709440111977603,0.48330761220471596,0.006834318402108622,0.0,0.0,0.0,6.745872425514898,1.614214541469485,0.022826158469532554
R:A:VAL:91,3.454619676064787,0.8393505984029362,0.011869023155497689,-0.8022811437712457,0.6441465702629916,0.009108697334025896,1.2063699260147969,1.4791263454411927,0.020915913895042472,-1.6069246150769845,0.8745721312924453,0.012367081047197696,0.0,0.0,0.0,2.2517838432313537,2.0179507896954703,0.028535280364514
R:A:GLU:92,6.373935412917416,0.9846330559029182,0.013923421943603517,-0.48901279744051196,0.6654674189312809,0.00941018951979462,12.343624875024993,1.5265388572442478,0.021586361025861842,2.1557770445910815,0.7282810593587202,0.010298419723160108,0.0,0.0,0.0,20.384324535092983,2.0671389224077354,0.029230836056317183
R:A:LYS:94,3.6757146570685864,0.8509406815721156,0.012032915295171955,-0.62676124775045,0.6899384841879528,0.009756228041389505,2.4506280743851225,1.264152748685565,0.017876032107184036,0.4031531693661268,0.5724423300998932,0.008094747634743469,0.0,0.0,0.0,5.902734653069387,1.768017971859294,0.0250010499632243
R:A:ARG:95,4.105165766846631,0.8837301548088948,0.012496582108353967,-0.048874425114977,0.6184990389770637,0.00874602273381325,4.607129174165167,0.7649624737158414,0.01081712139229512,-0.1989476104779044,0.6123859530914146,0.008659579288051288,0.0,0.0,0.0,8.464472905418916,1.457293446588999,0.020607180950166528
R:A:ALA:96,3.3438252349530098,0.8776823328491867,0.012411061541600713,-0.42453949210157976,0.6139807961218825,0.008682131519376345,6.691652069586082,1.3564250013780133,0.019180828345967262,-0.3710799840031994,0.7129861800502807,0.010082139092613318,0.0,0.0,0.0,9.239857828434314,1.8696354651931713,0.02643799464841105
R:A:VAL:97,3.460669866026794,0.8894100334200489,0.012576899690642556,0.23311397720455906,0.6626512983899957,0.009370367543165564,0.8853371325734852,1.1188920889958658,0.01582194155584539,-0.6268482303539292,0.7578978399060264,0.010717222372227286,0.0,0.0,0.0,3.9522727454509097,1.7482807535856342,0.024721951454018586
R:A:ALA:98,3.056110377924415,0.91694799388492,0.012966306323621245,0.5649058188362328,0.8319441605726144,0.011764290779926493,7.450920615876825,1.474660905204933,0.020852769347740663,-1.6840481903619275,0.6952791422587712,0.009831748800448651,0.0,0.0,0.0,9.387888622275547,2.047184061290136,0.028948659920242245
R:A:ARG:99,4.263128574285143,0.930347594792355,0.013155786349902736,0.6864171165766847,0.6764129477499581,0.009564967195828016,5.5826708658268345,1.4904889466846079,0.021076589276130413,-2.4982199560087985,0.9869252912473047,0.013955835805501204,0.0,0.0,0.0,8.033996600679863,2.1257139868082624,0.030059129736011294
R:A:SER:102,3.705499100179964,0.9016201181660122,0.01274955910001949,0.24782983403319334,0.679433755411191,0.009607683596039918,1.6167292541491702,2.0933352056050216,0.02960127040454803,-2.950530693861228,1.4317305124413768,0.020245702614536704,0.0,0.0,0.0,2.6195274945011,2.776050001126585,0.039255350275420216
R:A:HSD:108,0.0,0.0,0.0,0.0,0.0,0.0,0.0,0.0,0.0,0.0,0.0,0.0,0.0,0.0,0.0,0.0,0.0,0.0
R:A:THR:110,4.592517096580684,0.8267935908249909,0.011691458006929289,0.0796876624675065,0.6637490244604962,0.009385890181946015,-4.050012397520495,0.9942851410224026,0.014059909392352556,-2.222339532093581,0.8527679197002705,0.012058753760879785,0.0,0.0,0.0,-1.6001471705658867,1.685220008138228,0.023830227007354286
R:A:ASP:167,4.081770845830834,0.8588855969127365,0.01214526213131614,-0.593743651269746,0.6677435606425791,0.009442375806106915,3.816673465306939,1.1610126687811615,0.01641755694915767,1.5687676464707059,0.5632497097681711,0.007964757349653412,0.0,0.0,0.0,8.873468306338731,1.6878289557855266,0.023867119409761797

Ligand:
Total Energy Decomposition:
Residue,Internal,,,van der Waals,,,Electrostatic,,,Polar Solvation,,,Non-Polar Solv.,,,TOTAL,,
,Avg.,Std. Dev.,Std. Err. of Mean,Avg.,Std. Dev.,Std. Err. of Mean,Avg.,Std. Dev.,Std. Err. of Mean,Avg.,Std. Dev.,Std. Err. of Mean,Avg.,Std. Dev.,Std. Err. of Mean,Avg.,Std. Dev.,Std. Err. of Mean
L:C:ADE:3,67.50321875624876,4.93019356930435,0.06971649480741518,7.750846630673864,2.2399636805125085,0.03167470285011211,77.37889382123575,9.504851140479964,0.1344054540385977,-201.7199852029594,10.038251462147057,0.1419481195005188,0.0,0.0,0.0,-49.08702599480104,14.846983988029551,0.20994706750495562
L:C:GUA:4,67.75790121975604,4.749540967036815,0.06716193664841216,2.4623073385322933,2.3482497717078714,0.03320594632126897,-19.208344331133773,8.42672399827737,0.11915995824730238,-221.15645310937813,7.466434541151444,0.10558077235728845,0.0,0.0,0.0,-170.14458888222353,12.443059852316479,0.17595384550079246
L:C:GUA:5,63.48452329534093,4.693628684361587,0.06637129662383635,0.6691019796040792,2.8604404535805994,0.04044869217114944,-12.556682863427312,6.9555309716501705,0.09835622720514929,-226.20227314537092,6.053135849776834,0.0855957089934483,0.0,0.0,0.0,-174.60533073385324,10.734623166584868,0.15179531791859624
L:C:GUA:6,63.28713577284543,4.5403912457880855,0.0642044086628595,8.144243351329735,2.3565117123999513,0.03332277612465533,-37.065744651069785,7.4511965161764016,0.10536529568804325,-206.01925414917017,6.583088574199813,0.0930896229424747,0.0,0.0,0.0,-171.65361967606478,11.18148848829827,0.15811431603558948
L:C:THY:7,62.15785202959408,4.125897218367063,0.05834316400700724,5.267461107778445,2.791264725529181,0.03947049745775681,-5.248891421715657,5.840794616424905,0.08259305072369019,-189.9949154169166,5.173395451939069,0.07315554492776356,0.0,0.0,0.0,-127.81849370125975,9.257056166941764,0.1309014542983974
L:C:THY:8,62.71039292141572,4.19724823607454,0.05935211888587398,8.31291321735653,2.647417037240913,0.03743638734166602,10.618412317536494,7.881881196853958,0.11145548786447877,-204.24977624475105,6.2241226994531536,0.08801358643578926,0.0,0.0,0.0,-122.60805778844231,11.20220801018586,0.15840730502674832
L:C:ADE:9,67.56590401919617,4.743601114899775,0.06707794285286486,7.989629874025195,2.3594736273202463,0.03336465973901206,79.62126934613077,9.111619072350107,0.12884486883022572,-203.53960147970406,8.328993994976592,0.11777798547648304,0.0,0.0,0.0,-48.36279824035193,13.433637274516105,0.18996132507341848
L:C:GUA:10,65.60222155568887,4.678790695129404,0.06616147674866989,6.6343099380123975,2.178507591920121,0.030805669409333887,-24.77811897620476,7.414196827730011,0.10484209339361229,-212.58747730453908,6.853327773776755,0.09691100023511602,0.0,0.0,0.0,-165.12906478704258,11.339109042249515,0.16034318441096126
L:C:GUA:11,66.02823195360926,4.696135173764987,0.066406740192739,4.288383123375326,2.9616478024987902,0.041879837118329044,-40.51014817036592,8.278918020872165,0.11706987506670857,-201.32928074385123,7.66092506431168,0.10833100870346608,0.0,0.0,0.0,-171.52281383723255,12.572004602036996,0.17777721731124296
L:C:GUA:12,59.728218356328746,4.641554373322678,0.06563492828776389,6.085408518296341,3.0067344469494692,0.04251739480638815,-91.78225434913017,8.226081315701364,0.11632272592745058,-119.7874119176165,6.665386235617254,0.09425337126274218,0.0,0.0,0.0,-145.75603939212158,11.944884533450729,0.16890928699762864

Sidechain Energy Decomposition:
Residue,Internal,,,van der Waals,,,Electrostatic,,,Polar Solvation,,,Non-Polar Solv.,,,TOTAL,,
,Avg.,Std. Dev.,Std. Err. of Mean,Avg.,Std. Dev.,Std. Err. of Mean,Avg.,Std. Dev.,Std. Err. of Mean,Avg.,Std. Dev.,Std. Err. of Mean,Avg.,Std. Dev.,Std. Err. of Mean,Avg.,Std. Dev.,Std. Err. of Mean
L:C:ADE:3,67.50321875624876,4.93019356930435,0.06971649480741518,7.750846630673864,2.2399636805125085,0.03167470285011211,77.37889382123575,9.504851140479964,0.1344054540385977,-201.7199852029594,10.038251462147057,0.1419481195005188,0.0,0.0,0.0,-49.08702599480104,14.846983988029551,0.20994706750495562
L:C:GUA:4,67.75790121975604,4.749540967036815,0.06716193664841216,2.4623073385322933,2.3482497717078714,0.03320594632126897,-19.208344331133773,8.42672399827737,0.11915995824730238,-221.15645310937813,7.466434541151444,0.10558077235728845,0.0,0.0,0.0,-170.14458888222353,12.443059852316479,0.17595384550079246
L:C:GUA:5,63.48452329534093,4.693628684361587,0.06637129662383635,0.6691019796040792,2.8604404535805994,0.04044869217114944,-12.556682863427312,6.9555309716501705,0.09835622720514929,-226.20227314537092,6.053135849776834,0.0855957089934483,0.0,0.0,0.0,-174.60533073385324,10.734623166584868,0.15179531791859624
L:C:GUA:6,63.28713577284543,4.5403912457880855,0.0642044086628595,8.144243351329735,2.3565117123999513,0.03332277612465533,-37.065744651069785,7.4511965161764016,0.10536529568804325,-206.01925414917017,6.583088574199813,0.0930896229424747,0.0,0.0,0.0,-171.65361967606478,11.18148848829827,0.15811431603558948
L:C:THY:7,62.15785202959408,4.125897218367063,0.05834316400700724,5.267461107778445,2.791264725529181,0.03947049745775681,-5.248891421715657,5.840794616424905,0.08259305072369019,-189.9949154169166,5.173395451939069,0.07315554492776356,0.0,0.0,0.0,-127.81849370125975,9.257056166941764,0.1309014542983974
L:C:THY:8,62.71039292141572,4.19724823607454,0.05935211888587398,8.31291321735653,2.647417037240913,0.03743638734166602,10.618412317536494,7.881881196853958,0.11145548786447877,-204.24977624475105,6.2241226994531536,0.08801358643578926,0.0,0.0,0.0,-122.60805778844231,11.20220801018586,0.15840730502674832
L:C:ADE:9,67.56590401919617,4.743601114899775,0.06707794285286486,7.989629874025195,2.3594736273202463,0.03336465973901206,79.62126934613077,9.111619072350107,0.12884486883022572,-203.53960147970406,8.328993994976592,0.11777798547648304,0.0,0.0,0.0,-48.36279824035193,13.433637274516105,0.18996132507341848
L:C:GUA:10,65.60222155568887,4.678790695129404,0.06616147674866989,6.6343099380123975,2.178507591920121,0.030805669409333887,-24.77811897620476,7.414196827730011,0.10484209339361229,-212.58747730453908,6.853327773776755,0.09691100023511602,0.0,0.0,0.0,-165.12906478704258,11.339109042249515,0.16034318441096126
L:C:GUA:11,66.02823195360926,4.696135173764987,0.066406740192739,4.288383123375326,2.9616478024987902,0.041879837118329044,-40.51014817036592,8.278918020872165,0.11706987506670857,-201.32928074385123,7.66092506431168,0.10833100870346608,0.0,0.0,0.0,-171.52281383723255,12.572004602036996,0.17777721731124296
L:C:GUA:12,59.728218356328746,4.641554373322678,0.06563492828776389,6.085408518296341,3.0067344469494692,0.04251739480638815,-91.78225434913017,8.226081315701364,0.11632272592745058,-119.7874119176165,6.665386235617254,0.09425337126274218,0.0,0.0,0.0,-145.75603939212158,11.944884533450729,0.16890928699762864

Backbone Energy Decomposition:
Residue,Internal,,,van der Waals,,,Electrostatic,,,Polar Solvation,,,Non-Polar Solv.,,,TOTAL,,
,Avg.,Std. Dev.,Std. Err. of Mean,Avg.,Std. Dev.,Std. Err. of Mean,Avg.,Std. Dev.,Std. Err. of Mean,Avg.,Std. Dev.,Std. Err. of Mean,Avg.,Std. Dev.,Std. Err. of Mean,Avg.,Std. Dev.,Std. Err. of Mean
L:C:ADE:3,0.0,0.0,0.0,0.0,0.0,0.0,0.0,0.0,0.0,0.0,0.0,0.0,0.0,0.0,0.0,0.0,0.0,0.0
L:C:GUA:4,0.0,0.0,0.0,0.0,0.0,0.0,0.0,0.0,0.0,0.0,0.0,0.0,0.0,0.0,0.0,0.0,0.0,0.0
L:C:GUA:5,0.0,0.0,0.0,0.0,0.0,0.0,0.0,0.0,0.0,0.0,0.0,0.0,0.0,0.0,0.0,0.0,0.0,0.0
L:C:GUA:6,0.0,0.0,0.0,0.0,0.0,0.0,0.0,0.0,0.0,0.0,0.0,0.0,0.0,0.0,0.0,0.0,0.0,0.0
L:C:THY:7,0.0,0.0,0.0,0.0,0.0,0.0,0.0,0.0,0.0,0.0,0.0,0.0,0.0,0.0,0.0,0.0,0.0,0.0
L:C:THY:8,0.0,0.0,0.0,0.0,0.0,0.0,0.0,0.0,0.0,0.0,0.0,0.0,0.0,0.0,0.0,0.0,0.0,0.0
L:C:ADE:9,0.0,0.0,0.0,0.0,0.0,0.0,0.0,0.0,0.0,0.0,0.0,0.0,0.0,0.0,0.0,0.0,0.0,0.0
L:C:GUA:10,0.0,0.0,0.0,0.0,0.0,0.0,0.0,0.0,0.0,0.0,0.0,0.0,0.0,0.0,0.0,0.0,0.0,0.0
L:C:GUA:11,0.0,0.0,0.0,0.0,0.0,0.0,0.0,0.0,0.0,0.0,0.0,0.0,0.0,0.0,0.0,0.0,0.0,0.0
L:C:GUA:12,0.0,0.0,0.0,0.0,0.0,0.0,0.0,0.0,0.0,0.0,0.0,0.0,0.0,0.0,0.0,0.0,0.0,0.0

DELTAS:
Total Energy Decomposition:
Residue,Internal,,,van der Waals,,,Electrostatic,,,Polar Solvation,,,Non-Polar Solv.,,,TOTAL,,
,Avg.,Std. Dev.,Std. Err. of Mean,Avg.,Std. Dev.,Std. Err. of Mean,Avg.,Std. Dev.,Std. Err. of Mean,Avg.,Std. Dev.,Std. Err. of Mean,Avg.,Std. Dev.,Std. Err. of Mean,Avg.,Std. Dev.,Std. Err. of Mean
R:A:GLU:18,0.0,3.8806659918721516,0.054875417500056006,-0.22655468906218756,2.145624648075488,0.030340680854306353,85.7073903219356,31.33722487052931,0.4431309733084826,-83.59591061787641,29.035585532452043,0.41058413215387707,0.0,0.0,0.0,1.8849250149970007,42.950554868003294,0.6073518399102648
R:A:GLN:19,0.0,3.9588829451586225,0.055981461662621725,-0.3301855628874225,1.875250820361753,0.026517399822660114,-0.05301559688062391,4.452658176861904,0.06296379975810736,-0.33190321935612876,3.048820721536047,0.04311252509943516,0.0,0.0,0.0,-0.7151043791241751,6.95059655315844,0.09828645096688997
R:A:LYS:22,0.0,3.970693388153292,0.05614846984924497,-0.44952269546090784,2.0503854543376363,0.0289939299281304,-125.48496440711858,19.05624395401271,0.2694690409196692,119.70773905218955,15.627839684981279,0.22098893054270993,0.0,0.0,0.0,-6.226748050389922,25.0467621330264,0.3541792908622213
R:A:PHE:24,0.0,4.18181237411401,0.05913384465889041,-3.8189632073585287,2.6164440490905845,0.036998406938422504,-3.8828630273945213,1.8971236148059667,0.02682669691999677,3.8772693461307743,0.6015348624877507,0.008506137036526898,0.0,0.0,0.0,-3.8245568886222756,5.319234568521791,0.07521781527699693
R:A:GLY:26,0.0,2.545374408280132,0.035993430931927514,-0.24235132973405318,1.0723912647566598,0.015164386345072892,-4.2261531693661265,3.1067839514279907,0.0439321669976645,4.284905818836233,1.3185874390557315,0.018645777910302763,0.0,0.0,0.0,-0.18359868026394718,4.361161916088405,0.06166997660503112
R:A:GLY:27,0.0,2.664442450668651,0.037677138973451645,-0.89426174765047,1.0869258489783453,0.015369915854447117,-3.336317536492701,3.140768065243083,0.0444127268907031,3.6588210357928412,1.296539619362914,0.018334005829648732,0.0,0.0,0.0,-0.57175824835033,4.452650940544404,0.06296369743135602
R:A:LEU:28,0.0,4.166179224055466,0.05891278063583345,-0.18481943611277743,1.701771747111536,0.02406428054054023,-1.180628274345131,2.0121278173595805,0.02845293933369803,-2.021040591881624,1.0178750687430882,0.014393487993340129,0.0,0.0,0.0,-3.3864883023395325,5.033667094194791,0.07117968511816544
R:A:SER:29,0.0,3.255930845580761,0.046041211708704295,-0.687360527894421,1.850903884303942,0.026173116577511518,-0.06675744851029794,5.596615988277813,0.07914018871695555,-0.3111081783643271,4.0973218361025125,0.05793908748115441,0.0,0.0,0.0,-1.0652261547690463,7.882708139274534,0.11146718142704579
R:A:PHE:30,0.0,4.292074998698041,0.060693037738473544,-2.65722775444911,2.3964795749029566,0.033887950542147306,-3.135644271145771,2.670597097581056,0.0377641701221233,2.682782643471306,1.967543522373461,0.027822485229574357,0.0,0.0,0.0,-3.1100893821235753,5.930289918496225,0.08385857887678128
R:A:GLU:31,0.0,3.7804187200630794,0.05345784873601236,-0.06565326934613078,1.3741692340032081,0.01943174459992086,87.39741691661666,12.121826024855292,0.171411367371009,-86.29596700659867,11.993100019446056,0.1695910887629708,0.0,0.0,0.0,1.0357966406718657,17.520074801095465,0.24774650056355543
R:A:ASP:49,0.0,3.397371289330577,0.048041281649900104,0.43190781843631276,1.7578998002723853,0.02485797171548751,73.34702359528094,13.426613608267687,0.1898620053642319,-68.96599560087982,14.348465979820991,0.20289766312719223,0.0,0.0,0.0,4.812935812837432,20.019609695125546,0.2830917276851731
R:A:CYS:50,0.0,3.095838013987234,0.043777383543420034,-0.3468132373525295,1.671126259209696,0.023630931227141813,-0.8880607878424314,2.3149027982376467,0.032734396052481456,0.9581683663267345,1.6350968221592752,0.023121448987604883,0.0,0.0,0.0,-0.27670565886822635,4.517653435821794,0.0638828796218262
R:A:VAL:51,0.0,3.4811698223669305,0.04922625337792138,-2.0615692861427712,1.8326107057154826,0.025914437831505727,-1.116611677664467,2.5445052593516113,0.03598114053888101,1.1614021195760849,1.1458611202669005,0.016203303119471258,0.0,0.0,0.0,-2.016778844231154,4.823329768185929,0.06820536354430247
R:A:MET:53,0.0,3.9994333403894844,0.056554873513254174,-3.1283061387722455,1.7604913172009562,0.024894617634953816,-3.977354129174165,2.765959882835681,0.03911266872153281,3.9959060187962403,1.4586911719912423,0.02062694579598402,0.0,0.0,0.0,-3.10975424915017,5.373370518665217,0.07598333667773195
R:A:ARG:54,0.0,5.638730995688982,0.07973572531287652,-0.4634727054589083,2.546174217593081,0.03600474081277282,-106.657025394921,22.763573488989284,0.3218933558357751,105.93403639272147,17.078754243657688,0.2415059094146449,0.0,0.0,0.0,-1.186461707658468,29.122884728198727,0.4118186057787786
R:A:PRO:56,0.0,3.833888058842141,0.05421394377101366,-0.6451807638472306,1.54490216552654,0.021846031456345574,-3.0578584283143373,4.766940119830059,0.06740797322452467,3.0095966806638668,2.947187706922532,0.04167536093215383,0.0,0.0,0.0,-0.6934425114977004,6.963839015561867,0.09847370894133013
R:A:ARG:60,0.0,5.733240181071973,0.08107215339412446,-0.8829832033593283,2.6826140389805357,0.03793409834520441,-172.49545550889823,32.85744996564336,0.4646280531816721,166.57742111577684,27.84078388651422,0.393688774684846,0.0,0.0,0.0,-6.801017596480703,43.52915949930966,0.6155337269309215
R:A:ARG:62,0.0,5.67879598728491,0.08030227320583294,-2.224738052389522,2.3854137387813936,0.03373147163403468,-185.9908822235553,17.884164314616267,0.2528949890198391,182.6170825834833,14.456448221857038,0.20442460995197204,0.0,0.0,0.0,-5.598537692461507,23.806955937158317,0.336647536580891
R:A:GLY:63,0.0,2.608459632105838,0.036885501520525124,-0.6484677064587083,1.029633433930626,0.014559759762190035,1.134757048590282,2.866638761833348,0.040536340722680544,-0.8977832433513298,1.0657543627981714,0.01507053576204364,0.0,0.0,0.0,-0.4114939012197561,4.149416442496736,0.0586757428081966
R:A:PHE:64,0.0,4.239694973004155,0.059952346376569196,-2.69224375124975,2.4304964854324544,0.03436897420439444,-0.019314137172565488,1.750077135228999,0.024747353586764755,0.5040969806038792,0.7140051044896062,0.010096547419463944,0.0,0.0,0.0,-2.207460907818436,5.239742350374183,0.07409373794903522
R:A:PHE:66,0.0,4.173861757162386,0.059021417197852234,-4.250602279544092,2.337380989411367,0.03305225389644109,-0.4210177964407118,1.8539984112660521,0.02621687542183531,0.6814245150969807,0.619490727143807,0.008760045920115263,0.0,0.0,0.0,-3.990195560887823,5.167741356488205,0.07307559193796719
R:A:ARG:89,0.0,6.07946780161779,0.08596806179420215,-2.34807298540292,2.34991783771423,0.03322953397831245,-114.42713137372526,12.951132916386419,0.18313836526357682,114.70390181963607,12.075654767413273,0.17075847247257148,0.0,0.0,0.0,-2.0713025394921023,18.868898337597074,0.266819838710784
R:A:VAL:91,0.0,3.6645043082580857,0.05181873530666933,-0.06854689062187562,1.8501506062817425,0.026162464682695424,-2.1320057988402317,3.0550526326821337,0.04320064882012667,2.105386322735453,1.4427650127635419,0.020401738411833237,0.0,0.0,0.0,-0.09516636672665466,5.316631128983784,0.07518100076322957
R:A:GLU:92,0.0,3.8133297205373737,0.053923234032029595,-0.12236852629474106,2.1476078080088694,0.030368724166856726,98.75739532093581,21.210396594296746,0.2999303137377935,-96.99768546290741,20.229019174198722,0.2860529288338105,0.0,0.0,0.0,1.6373413317336531,29.63524663794801,0.4190637729143954
R:A:LYS:94,0.0,4.02393546134005,0.0569013511847712,-0.7762975404919017,2.116490204459539,0.029928698797513628,-104.9176272745451,20.553663686419583,0.2906436365073218,105.37946950609877,18.824457059700773,0.2661914069715147,0.0,0.0,0.0,-0.3144553089382126,28.23977446633674,0.39933078940402245
R:A:ARG:95,0.0,5.557310319152964,0.07858437819168419,-0.20466526694661066,2.0022972107332992,0.02831392746201779,-70.21972825434914,27.54672987984224,0.3895306388345858,68.38936892621476,18.45715212438632,0.2609974501307489,0.0,0.0,0.0,-2.0350245950809844,33.68058318555672,0.4762677509025058
R:A:ALA:96,0.0,3.045748929331006,0.04306908774098223,-1.0816844631073785,1.1136099834767255,0.015747248772119794,-3.9755244951009803,2.509303157427726,0.03548335741505674,3.073943211357728,1.0663133017798179,0.015078439562586936,0.0,0.0,0.0,-1.9832657468506298,4.236784173078602,0.05991118556512385
R:A:VAL:97,0.0,3.748829699967852,0.053011157196525605,-1.0027128574285142,1.7126405581688116,0.024217973372066163,-4.196181363727255,2.2908645207734164,0.032394477462581,-0.12782963407318537,1.258577343169464,0.017797191849849608,0.0,0.0,0.0,-5.326723855228954,4.880465037486054,0.0690132974822887
R:A:ALA:98,0.0,3.3083947074657742,0.04678308857484924,-0.8377400519896022,1.3446281774354654,0.01901401274256882,1.8313423315336932,2.9000313498569534,0.041008536014169344,-1.9733521295740852,1.5261073344609997,0.021580258982310266,0.0,0.0,0.0,-0.9797498500299938,4.846925407141085,0.0685390229062668
R:A:ARG:99,0.0,5.816921701301702,0.08225547047662102,-4.511102979404119,2.001765678310042,0.028306411209987305,-135.72643851229753,17.367559936166735,0.24558983031534087,135.80201959608078,14.708357849839512,0.2079867938752406,0.0,0.0,0.0,-4.435521895620876,23.575656357463608,0.33337679361308115
R:A:SER:102,0.0,3.3626775428638584,0.04755068703908079,-0.9547028594281144,1.7907864362678507,0.025323012480192152,0.8738028394321133,5.000512783664771,0.0707108592423823,0.25036812637472494,3.5442140835990292,0.05011774472588586,0.0,0.0,0.0,0.16946810637872434,7.216723486983434,0.10204967785429622
R:A:HSD:108,0.0,3.926989976951787,0.0555304720775011,-3.785539292141572,1.8272650819116594,0.02583884685339851,-5.826381123775246,5.6331792334273425,0.07965721938822169,8.3524225154969,3.761518048995032,0.053190579607965104,0.0,0.0,0.0,-1.259497900419916,8.040017056417597,0.11369164303306582
R:A:THR:110,0.0,3.621057379523862,0.051204364382096274,-0.2493663267346531,1.811245269855177,0.025612315150666785,-0.36256068786242757,4.323983407118631,0.06114424565935866,0.32176084783043396,2.6049585955100136,0.036835994336634204,0.0,0.0,0.0,-0.2901661667666466,6.471113332552268,0.09150621222175088
R:A:ASP:167,0.0,3.6773316307344817,0.052000122902967065,-0.04304279144171165,2.0077565543909013,0.028391126520920223,82.12834313137374,14.473347598108518,0.20466357932713414,-81.75853949210158,14.839671433832264,0.20984366271170407,0.0,0.0,0.0,0.3267608478304337,21.148226716769205,0.2990511868063862
L:C:ADE:3,0.0,6.97234661083483,0.09859401247776,-0.606503699260148,3.2068140916373693,0.04534666536420149,-30.4004099180164,14.25562445431971,0.20158481696009217,32.577025394921016,15.437064326009793,0.21829122929910644,0.0,0.0,0.0,1.5701117776444713,22.370137627379634,0.316329888840537
L:C:GUA:4,0.0,6.7168652506300885,0.09498132168342709,-1.04001599680064,3.390312356148428,0.047941463240821165,-33.170237952409515,14.037040382251233,0.19849388044591068,36.34870825834833,14.122244910157745,0.1996987339559932,0.0,0.0,0.0,2.1384543091381722,21.2858356815701,0.30099707687036376
L:C:GUA:5,0.0,6.6377933421675435,0.093863187837717,-0.17665746850629874,4.082942412234114,0.05773575205114282,-34.64918216356729,14.168974127417208,0.2003595188088856,34.19760627874425,11.802359390551532,0.1668938786277175,0.0,0.0,0.0,-0.6282333533293343,20.019646205717574,0.28309224397129124
L:C:GUA:6,0.0,6.421082878273583,0.09079874549516052,-7.440073185362927,3.5002610700766734,0.04949621739720657,-27.953054589082182,11.231391501610958,0.1588199806549564,30.779671465706855,10.211823076449102,0.1444025473798912,0.0,0.0,0.0,-4.613456308738252,16.84955840654317,0.23826491488502646
L:C:THY:7,0.0,5.834899803172128,0.08250969381046744,-0.4188284343131374,3.9234066785624258,0.055479801652487636,-19.719080583883223,9.242493344362247,0.13069552547826602,20.186035592881424,8.564198910382908,0.1211039527094322,0.0,0.0,0.0,0.048126574685062914,14.42942694203864,0.20404250955618275
L:C:THY:8,0.0,5.935805380103163,0.08393657148398329,-4.9737520495900815,4.069153009121762,0.057540759940393864,-36.32451569686063,12.531482284702813,0.17720420250233118,39.36018536292741,11.004337226964259,0.15560926936403208,0.0,0.0,0.0,-1.9380823835232954,18.16384534669568,0.2568498806375019
L:C:ADE:9,0.0,6.708465031179396,0.0948625365186089,-13.545140371925616,3.504115940349927,0.049550728044630586,-50.79794201159768,13.09415921422843,0.18516086032602389,56.29436032793442,12.090762777603203,0.17097211063893364,0.0,0.0,0.0,-8.048722055588883,19.36300290940973,0.27380683391307536
L:C:GUA:10,0.0,6.616809256557044,0.09356645772460113,-11.71839372125575,3.396415095302437,0.0480277603763313,-74.1984449110178,13.43340441618459,0.1899580322885751,75.42525894821036,10.956390123838082,0.15493126272613075,0.0,0.0,0.0,-10.491579684063188,18.86310258127654,0.2667378825340649
L:C:GUA:11,0.0,6.641338053475776,0.09391331261355801,-5.824369126174765,4.383054119208293,0.06197954815504753,-73.09917556488702,14.401081298885172,0.20364168170714547,67.66002719456108,12.054662425270546,0.17046162560613184,0.0,0.0,0.0,-11.2635174965007,20.396680203326813,0.2884237767736133
L:C:GUA:12,0.0,6.564149145245083,0.0928218057499412,-1.8000909818036395,4.42318411134934,0.06254701520261778,-28.543289342131573,12.652222858580291,0.17891156134604516,28.145223955208962,10.219527148431355,0.14451148851715015,0.0,0.0,0.0,-2.198156368726255,18.087843710200012,0.25577516265298006

Sidechain Energy Decomposition:
Residue,Internal,,,van der Waals,,,Electrostatic,,,Polar Solvation,,,Non-Polar Solv.,,,TOTAL,,
,Avg.,Std. Dev.,Std. Err. of Mean,Avg.,Std. Dev.,Std. Err. of Mean,Avg.,Std. Dev.,Std. Err. of Mean,Avg.,Std. Dev.,Std. Err. of Mean,Avg.,Std. Dev.,Std. Err. of Mean,Avg.,Std. Dev.,Std. Err. of Mean
R:A:GLU:18,0.0,3.370345278903409,0.047659114359889086,-0.1964257148570286,1.7954775345328975,0.02538934799486087,84.93877884423115,31.424022191470552,0.4443583500614711,-82.94893641271746,29.298462944231115,0.41430140845462654,0.0,0.0,0.0,1.7934167166566688,43.13295803049631,0.6099311522540993
R:A:GLN:19,0.0,3.566574535019615,0.050433937644772546,-0.3048584283143371,1.5699788766129843,0.022200634247020956,-1.001758648270346,4.295558180635796,0.060742292444615036,0.5503591281743652,3.1370993320153215,0.04436084835542297,0.0,0.0,0.0,-0.756257948410318,6.59382285848046,0.09324141346830159
R:A:LYS:22,0.0,3.6396083879406977,0.05146668902793104,-0.4091609678064387,1.8193305898916892,0.025726647410530025,-125.16144611077785,18.879587432737043,0.26697099022955223,119.48105098980204,15.526066178991831,0.2195497797259912,0.0,0.0,0.0,-6.089556088782244,24.780118353988552,0.35040875541053823
R:A:PHE:24,0.0,3.9334082960579626,0.0556212317412644,-3.729908018396321,2.1948251048953487,0.03103641081788428,-1.719489902019596,1.2147740286527888,0.017177781373136775,2.0520045990801843,0.41503900468474175,0.005868951027628981,0.0,0.0,0.0,-3.3973933213357324,4.683683526955628,0.06623066492146908
R:A:GLY:26,0.0,1.9868481373122715,0.0280954664154491,-0.13685642871425716,0.7078735605814732,0.010009842963944339,-0.6196950609878024,1.5137394406487157,0.02140536803885702,0.6808898220355929,0.5642000283212595,0.007978195539765108,0.0,0.0,0.0,-0.07566166766646673,2.6567610477129353,0.03756851839258642
R:A:GLY:27,0.0,2.05457448852304,0.029053165894412345,-0.4455172965406919,0.6511848251339852,0.009208223336863169,-1.8540465906818635,1.2013790554333803,0.01698836678570342,1.9688158368326332,0.7449354232981105,0.010533924447422918,0.0,0.0,0.0,-0.3307480503899221,2.577510121239648,0.03644785310302105
R:A:LEU:28,0.0,3.7451317839520057,0.05295886599556301,-0.4680381923615277,1.1870662311188391,0.016785973121443105,-0.3580257948410318,1.3180530961352313,0.01863822191581314,-0.13345750849830035,0.5924116891588103,0.008377128782170676,0.0,0.0,0.0,-0.9595214957008599,4.186090525766718,0.0591943408104692
R:A:SER:29,0.0,2.8251900323768018,0.03995022577783894,-0.4913273345330934,1.0757451507767102,0.015211812713635232,0.9393057388522296,4.566429361192849,0.06457260640436668,-1.4483267346530695,3.567479298268724,0.050446731650012254,0.0,0.0,0.0,-1.0003483303339333,6.53590942431127,0.09242247571752568
R:A:PHE:30,0.0,3.9102529772458507,0.05529379882386752,-2.621159568086383,2.274777386128352,0.032166993769865246,-2.927658068386323,1.2499316347061629,0.017674935293242804,2.4174237152569487,0.6921078309082395,0.009786904169463253,0.0,0.0,0.0,-3.131393921215757,4.74405236517734,0.06708432385742187
R:A:GLU:31,0.0,3.3029573607828313,0.04670620056904199,-0.056710657868426315,1.1350625227003608,0.01605060315737195,89.41824975005,12.169391500631646,0.17208397752279303,-88.31672685462908,12.03156166864192,0.17013496423738275,0.0,0.0,0.0,1.0448122375524898,17.46569380069305,0.24697751397532458
R:A:ASP:49,0.0,2.9813334397934264,0.04215820623526938,0.49551049790041984,1.4267593850779265,0.02017540728634133,72.90901079784042,13.938818486707023,0.19710495196380878,-68.52458448310338,14.89282753071835,0.21059532828029637,0.0,0.0,0.0,4.879936812637472,20.66424361275356,0.2922073164626211
R:A:CYS:50,0.0,2.6722891634105004,0.03778809715398401,-0.1526530693861228,1.2013934289130346,0.016988570037077953,0.11204059188162369,2.0204481399942664,0.02857059469988256,-0.10527234553089382,1.0142487601005148,0.014342209372309084,0.0,0.0,0.0,-0.1458848230353929,3.7007278713367096,0.05233096262833071
R:A:VAL:51,0.0,3.086491758131607,0.04364522074115514,-1.9560445910817836,1.2403834538956073,0.017539917126401683,-1.707618276344731,1.205953555044982,0.017053053511272242,1.639635472905419,0.4995693284934443,0.007064270805247786,0.0,0.0,0.0,-2.0240273945210956,3.573356402125228,0.05052983813959222
R:A:MET:53,0.0,3.628632866755558,0.05131148723819271,-3.0374457108578286,1.5170664535143816,0.021452414401624098,-3.4373371325734854,1.606803151135106,0.022721356061980152,3.4187976404719054,0.9694091952024054,0.013708145567421422,0.0,0.0,0.0,-3.055985202959408,4.357756034970068,0.06162181498825818
R:A:ARG:54,0.0,5.433156664345836,0.07682875592066979,-0.32436532693461306,2.329641013769807,0.03294280505553068,-108.17996980603878,21.812916534553043,0.3084503804848217,107.08585722855429,16.82760080676891,0.23795441857912553,0.0,0.0,0.0,-1.4184779044191171,28.176548675231874,0.39843673109266103
R:A:PRO:56,0.0,2.647075157285731,0.037431552912391565,-0.4899274145170966,0.9807428769784254,0.013868412006371462,-41.405287342531494,4.641362141347913,0.06563220998892184,40.730695860827836,4.280682422086788,0.060531938484053485,0.0,0.0,0.0,-1.1645188962207558,6.916310288366455,0.09780161844099923
R:A:ARG:60,0.0,5.464672861817789,0.077274417695713,-0.8321079784043192,2.1926461320476234,0.031005598569422123,-174.49512537492504,31.946122603176786,0.45174122664227906,168.4248024395121,27.011105818743758,0.38195652809240493,0.0,0.0,0.0,-6.902430913817237,42.247188468295114,0.5974057314535365
R:A:ARG:62,0.0,5.420224653172523,0.07664588795065194,-1.8103099380123977,2.2600842680520046,0.031959222477384544,-189.53046990601882,17.84505380323298,0.2523419381658636,185.19071445710858,14.6894716514496,0.20771972940130598,0.0,0.0,0.0,-6.150065386922615,23.847711396034978,0.33722384817945356
R:A:GLY:63,0.0,2.015966505047426,0.028507221147686668,-0.3826332733453309,0.6920875911947536,0.009786617965309136,2.939030793841232,1.3402710915113851,0.01895240040343211,-2.370735052989402,0.4420960445839216,0.0062515570967658085,0.0,0.0,0.0,0.1856624675064987,2.556341466771753,0.03614851305307263
R:A:PHE:64,0.0,3.920633872612271,0.055440592175433935,-2.61276624675065,2.1647043115627986,0.03061048106432691,-0.7171077784443112,1.1075036519153443,0.01566090083737705,1.2780927814437113,0.47359761110558213,0.006697011979613881,0.0,0.0,0.0,-2.0517812437512495,4.637690562750387,0.06558029121805996
R:A:PHE:66,0.0,3.9253596317107924,0.05550741781930001,-4.155017796440712,2.17708356363622,0.03078553262178901,0.7299206158768246,1.1596985548722485,0.016398974430191785,-0.3154351129774045,0.42050101129523554,0.005946187742606947,0.0,0.0,0.0,-3.740532293541292,4.655090001277394,0.06582633183465407
R:A:ARG:89,0.0,5.852984085236183,0.08276541860887376,-2.328598280343931,2.0660398656147385,0.02921529460016035,-113.43547590481903,12.582484147918857,0.1779254056522861,113.7450521895621,11.8017032971269,0.16688460099324162,0.0,0.0,0.0,-2.0190219956008795,18.333713521116845,0.259251939204474
R:A:VAL:91,0.0,3.2724520589649546,0.046274833588032215,-0.056712457508498286,1.4433521016337738,0.020410040272114717,0.19139552089582082,1.4271655920362072,0.0201811513458594,-0.17791021795640874,0.4570792221910332,0.006463430040324932,0.0,0.0,0.0,-0.04322715456908618,3.8778771009362094,0.05483598056969599
R:A:GLU:92,0.0,3.315467798922115,0.04688310719214218,-0.09863247350529894,1.836195761276796,0.025965133104198616,96.0985474905019,21.65389865025587,0.3062017528500138,-94.44215656868626,20.37951291906749,0.28818101898589193,0.0,0.0,0.0,1.557758448310338,29.97632090790016,0.42388680921830607
R:A:LYS:94,0.0,3.7277710299293187,0.05271337240577557,-0.6593583283343332,1.820487446448524,0.02574300619705712,-105.93034833033394,20.269315314729788,0.286622745339512,106.04853589282143,18.54298429124541,0.2622111789085391,0.0,0.0,0.0,-0.5411707658468309,27.783049889232295,0.39287237430114164
R:A:ARG:95,0.0,5.286380278173521,0.07475323190308497,-0.16632653469306138,1.8093218996023503,0.025585117307345015,-70.25797080583882,27.20900294551076,0.38475493627186325,69.57564107178564,18.15003233724354,0.25665455471607346,0.0,0.0,0.0,-0.8486562687462506,33.180912846298284,0.4692020517321494
R:A:ALA:96,0.0,2.471474480873908,0.034948432630570486,-0.6929690061987602,0.7153964601897715,0.010116222193097534,-1.047492101579684,1.1977120941781683,0.016936513307393833,0.6006380723855229,0.41170005577127844,0.005821735880532732,0.0,0.0,0.0,-1.1398230353929215,2.867749884722469,0.04055205280214373
R:A:VAL:97,0.0,3.2771998415381596,0.046341970659722946,-1.1547888422315538,1.1679339108522742,0.016515428306565584,-2.525992201559688,1.1241578544919208,0.015896403279853234,1.1127052589482103,0.4417259362824126,0.00624632349830408,0.0,0.0,0.0,-2.5680757848430313,3.6827925689749184,0.05207734451042147
R:A:ALA:98,0.0,2.6591576843090463,0.03760240856352176,-0.4438500299940012,0.6404436919372212,0.009056335962420057,0.9292887422515496,1.3266897341928023,0.018760350210337517,-1.3421381723655268,0.7452420177207555,0.01053825991380448,0.0,0.0,0.0,-0.8566994601079783,3.129980675395792,0.04426018541384171
R:A:ARG:99,0.0,5.524249330030461,0.07811687194794613,-4.343444111177764,1.6798136343610777,0.023753776980785686,-138.05704199160166,16.93170152509659,0.23942647785767507,137.73202159568086,14.444469543099736,0.20425522279026248,0.0,0.0,0.0,-4.668464507098581,22.992701481622845,0.3251333909954747
R:A:SER:102,0.0,2.83303857925323,0.04006120989435781,-0.8294021195760848,1.3214473932511348,0.01868621972643239,1.1418208358328334,3.681822035203165,0.052063620462530096,-0.05234333133373323,2.394187256992818,0.033855535512710304,0.0,0.0,0.0,0.2600753849230154,5.390758474011032,0.0762292149138575
R:A:HSD:108,0.0,3.926989976951787,0.0555304720775011,-3.785539292141572,1.8272650819116594,0.02583884685339851,-5.826381123775246,5.6331792334273425,0.07965721938822169,8.3524225154969,3.761518048995032,0.053190579607965104,0.0,0.0,0.0,-1.259497900419916,8.040017056417597,0.11369164303306582
R:A:THR:110,0.0,3.275931231547941,0.04632403159900405,-0.20940451909618077,1.239992326522494,0.017534386303099638,-0.4366056788642271,4.169392900480592,0.05895822433954519,0.312008798240352,2.4557593057902762,0.034726208714467695,0.0,0.0,0.0,-0.334001399720056,5.973600030987962,0.08447101512095592
R:A:ASP:167,0.0,3.184217582451164,0.0450271344181644,-0.03603959208158369,1.7528025389817148,0.024785892762540188,81.43216156768646,14.161815579618567,0.20025829177724536,-81.04967966406718,15.152960834171008,0.21427380090910067,0.0,0.0,0.0,0.3464423115376924,21.056609435189216,0.2977556523317749
L:C:ADE:3,0.0,6.97234661083483,0.09859401247776,-0.606503699260148,3.2068140916373693,0.04534666536420149,-30.4004099180164,14.25562445431971,0.20158481696009217,32.577025394921016,15.437064326009793,0.21829122929910644,0.0,0.0,0.0,1.5701117776444713,22.370137627379634,0.316329888840537
L:C:GUA:4,0.0,6.7168652506300885,0.09498132168342709,-1.04001599680064,3.390312356148428,0.047941463240821165,-33.170237952409515,14.037040382251233,0.19849388044591068,36.34870825834833,14.122244910157745,0.1996987339559932,0.0,0.0,0.0,2.1384543091381722,21.2858356815701,0.30099707687036376
L:C:GUA:5,0.0,6.6377933421675435,0.093863187837717,-0.17665746850629874,4.082942412234114,0.05773575205114282,-34.64918216356729,14.168974127417208,0.2003595188088856,34.19760627874425,11.802359390551532,0.1668938786277175,0.0,0.0,0.0,-0.6282333533293343,20.019646205717574,0.28309224397129124
L:C:GUA:6,0.0,6.421082878273583,0.09079874549516052,-7.440073185362927,3.5002610700766734,0.04949621739720657,-27.953054589082182,11.231391501610958,0.1588199806549564,30.779671465706855,10.211823076449102,0.1444025473798912,0.0,0.0,0.0,-4.613456308738252,16.84955840654317,0.23826491488502646
L:C:THY:7,0.0,5.834899803172128,0.08250969381046744,-0.4188284343131374,3.9234066785624258,0.055479801652487636,-19.719080583883223,9.242493344362247,0.13069552547826602,20.186035592881424,8.564198910382908,0.1211039527094322,0.0,0.0,0.0,0.048126574685062914,14.42942694203864,0.20404250955618275
L:C:THY:8,0.0,5.935805380103163,0.08393657148398329,-4.9737520495900815,4.069153009121762,0.057540759940393864,-36.32451569686063,12.531482284702813,0.17720420250233118,39.36018536292741,11.004337226964259,0.15560926936403208,0.0,0.0,0.0,-1.9380823835232954,18.16384534669568,0.2568498806375019
L:C:ADE:9,0.0,6.708465031179396,0.0948625365186089,-13.545140371925616,3.504115940349927,0.049550728044630586,-50.79794201159768,13.09415921422843,0.18516086032602389,56.29436032793442,12.090762777603203,0.17097211063893364,0.0,0.0,0.0,-8.048722055588883,19.36300290940973,0.27380683391307536
L:C:GUA:10,0.0,6.616809256557044,0.09356645772460113,-11.71839372125575,3.396415095302437,0.0480277603763313,-74.1984449110178,13.43340441618459,0.1899580322885751,75.42525894821036,10.956390123838082,0.15493126272613075,0.0,0.0,0.0,-10.491579684063188,18.86310258127654,0.2667378825340649
L:C:GUA:11,0.0,6.641338053475776,0.09391331261355801,-5.824369126174765,4.383054119208293,0.06197954815504753,-73.09917556488702,14.401081298885172,0.20364168170714547,67.66002719456108,12.054662425270546,0.17046162560613184,0.0,0.0,0.0,-11.2635174965007,20.396680203326813,0.2884237767736133
L:C:GUA:12,0.0,6.564149145245083,0.0928218057499412,-1.8000909818036395,4.42318411134934,0.06254701520261778,-28.543289342131573,12.652222858580291,0.17891156134604516,28.145223955208962,10.219527148431355,0.14451148851715015,0.0,0.0,0.0,-2.198156368726255,18.087843710200012,0.25577516265298006

Backbone Energy Decomposition:
Residue,Internal,,,van der Waals,,,Electrostatic,,,Polar Solvation,,,Non-Polar Solv.,,,TOTAL,,
,Avg.,Std. Dev.,Std. Err. of Mean,Avg.,Std. Dev.,Std. Err. of Mean,Avg.,Std. Dev.,Std. Err. of Mean,Avg.,Std. Dev.,Std. Err. of Mean,Avg.,Std. Dev.,Std. Err. of Mean,Avg.,Std. Dev.,Std. Err. of Mean
R:A:GLU:18,0.0,1.2778396147896913,0.018069574270643703,-0.030121775644871028,1.2427309159240536,0.01757311193346478,0.768629074185163,1.8175288645224987,0.025701169713644532,-0.6469748050389922,1.1102363254342955,0.015699542812893076,0.0,0.0,0.0,0.09153249350129974,2.777281059274627,0.039272758325992495
R:A:GLN:19,0.0,1.2516066687167975,0.017698621482895013,-0.025318536292741455,0.958502751341553,0.013553920580896245,0.9487604479104179,1.2887706444759144,0.0182241469184813,-0.8822597480503899,0.7047607572724339,0.009965825678886348,0.0,0.0,0.0,0.041182163567286566,2.154730673787275,0.030469446628981923
R:A:LYS:22,0.0,1.1310322630550431,0.015993612377662062,-0.040369326134773044,0.7418961062856969,0.010490946311628562,-0.3235272945410918,1.3305659148965978,0.018815162202627484,0.22668946210757848,0.6459325533621046,0.009133952423852525,0.0,0.0,0.0,-0.13720715856828633,2.004314927842129,0.028342459437966233
R:A:PHE:24,0.0,1.14863871347414,0.016242580291794727,-0.08905638872225555,1.1493639538753218,0.016252835714417057,-2.163358928214357,1.3649398002213147,0.019301233746079973,1.825262147570486,0.5791123218238077,0.008189066130934158,0.0,0.0,0.0,-0.4271531693661268,2.1997363778589025,0.031105859761672856
R:A:GLY:26,0.0,1.145950235477617,0.01620456327285831,-0.10548950209958008,0.8461089171714603,0.011964590659837918,-3.606477704459108,1.9040833609619472,0.02692511275295012,3.60402199560088,0.9393473364671729,0.013283049191598636,0.0,0.0,0.0,-0.10794521095780844,2.556757537571442,0.03615439659442619
R:A:GLY:27,0.0,1.1818835989816212,0.0167126869631201,-0.44875484903019397,0.8828369229744143,0.012483951165638434,-1.4822687462507498,3.185763792195626,0.045048998939730474,1.6900177964407115,1.2456182513892968,0.017613940940508877,0.0,0.0,0.0,-0.24100579884023196,3.72517189428454,0.05267661875216425
R:A:LEU:28,0.0,1.2886642845011709,0.018222642911686703,0.2832151569686063,1.1280702373946507,0.015951727197360446,-0.8225966806638674,1.3026827754784553,0.018420874490160718,-1.8875744851029794,0.6347666882485297,0.008976059033609698,0.0,0.0,0.0,-2.4269560087982405,2.2434592175216372,0.03172413226587852
R:A:SER:29,0.0,1.1960690019411573,0.016913278797470555,-0.19604259148170367,1.27154517679907,0.017980566375249717,-1.0060625874825033,1.7058800399861305,0.024122374766422608,1.1372121575684864,0.9574111129149615,0.013538484025793647,0.0,0.0,0.0,-0.06489302139572085,2.621844950412141,0.03707477958051996
R:A:PHE:30,0.0,1.2503077317271682,0.017680253576519804,-0.036072985402919415,0.8048830153178252,0.011381626658098835,-0.20797660467906418,2.1986196788684707,0.031090068832113293,0.2653673265346931,1.806686589963008,0.025547852127346605,0.0,0.0,0.0,0.021317736452709436,3.2107866666945832,0.0454028404422091
R:A:GLU:31,0.0,1.2749000224522933,0.018028006313717614,-0.008946610677864428,0.7926293748362381,0.01120835133918939,-2.0208400319936013,1.760103800179848,0.024889137864634436,2.020760047990402,1.5043106175855805,0.02127203767669563,0.0,0.0,0.0,-0.009026594681063803,2.759446903763578,0.03902057049754256
R:A:ASP:49,0.0,1.197095187872958,0.016927789807064837,-0.06362087582483504,0.749665814525552,0.010600815592934574,0.4380169966006799,1.5458540400725447,0.021859491649319947,-0.4414081183763247,0.7978028602106912,0.011281508155686393,0.0,0.0,0.0,-0.06701199760047989,2.2408011601357716,0.031686545416328996
R:A:CYS:50,0.0,1.1344124288269355,0.016041410360879502,-0.19415236952609477,0.7603361062146363,0.010751701217338285,-1.0001007798440311,2.2927550601687474,0.032421211053886304,1.0634331133773245,1.9889499150485868,0.02812518706933021,0.0,0.0,0.0,-0.13082003599280143,3.328310394718593,0.04706471076420744
R:A:VAL:51,0.0,1.1760754093382642,0.016630554970244064,-0.10554629074185162,0.9909979419892416,0.014013426025907647,0.5909914017196561,1.885029093047733,0.026655671654659156,-0.47822475504899015,0.9897558921641748,0.013995862545090394,0.0,0.0,0.0,0.007220355928814243,2.6264389764826324,0.03713974242430821
R:A:MET:53,0.0,1.275911270148916,0.018042306085886712,-0.09086902619476103,0.9330179878367011,0.013193547634564868,-0.5400133973205359,2.0998656173286516,0.02969361513881066,0.577123375324935,1.2292768670299175,0.017382861973360454,0.0,0.0,0.0,-0.05375904819036192,2.9015563688430728,0.04103010088312072
R:A:ARG:54,0.0,1.1851358713274,0.016758676441001548,-0.1391107778444311,0.7943203864152142,0.011232263463187718,1.5229302139572087,3.1473184403580037,0.04450535392172461,-1.1518092381523695,2.039350347545765,0.028837885554914577,0.0,0.0,0.0,0.2320101979604079,4.012487397467354,0.05673946730043349
R:A:PRO:56,0.0,1.8449023198306655,0.026088250124996836,-0.15527154569086182,1.0981136700200307,0.01552811971735731,38.347428114377124,6.003044354399304,0.08488737910167166,-37.72111357728454,4.239486125271777,0.0599493931189242,0.0,0.0,0.0,0.47104299140171957,7.656324335427457,0.10826595107705476
R:A:ARG:60,0.0,1.2834081847883567,0.01814831786882893,-0.05088042391521695,1.2142359024503135,0.017170171880309924,1.9996862627474505,2.4949709079264726,0.035280689064638666,-1.8473719256148766,1.7423429850961238,0.024637987122750962,0.0,0.0,0.0,0.10143391321735654,3.518827120603425,0.04975875474933027
R:A:ARG:62,0.0,1.1738915181591634,0.016599673173027078,-0.4144277144571086,0.7242359414679489,0.010241218837137465,3.5395926814637075,1.348380382631425,0.019067071631714498,-2.573612877424515,1.1751335323993353,0.016617236150648237,0.0,0.0,0.0,0.5515520895820837,2.2586738300504123,0.03193927786623856
R:A:GLY:63,0.0,1.163686627563035,0.016455368655921555,-0.26584383123375327,0.7885195609111927,0.011150235604556014,-1.8042619476104782,2.135935174111451,0.030203664700314714,1.4729498100379923,1.0739512232160322,0.015186445283389175,0.0,0.0,0.0,-0.5971559688062388,2.7733589675630412,0.03921729711892197
R:A:PHE:64,0.0,1.1743634205869056,0.016606346213890653,-0.0794735052989402,0.8323770786455824,0.01177041255388158,0.6977852429514096,1.283780298371513,0.018153579823420207,-0.7740037992401521,0.5898158507595804,0.00834042175399078,0.0,0.0,0.0,-0.15569206158768245,2.016917359973192,0.028520666922495087
R:A:PHE:66,0.0,1.0760179920839317,0.015215670886607706,-0.09557968406318737,0.7260764549146919,0.010267245025429894,-1.1509314137172566,1.2218007755791744,0.0172771446453329,0.9968550289942012,0.5757199266921603,0.008141095215744803,0.0,0.0,0.0,-0.2496560687862428,1.8732998443565092,0.02648981161407824
R:A:ARG:89,0.0,1.1923528921390456,0.016860730323241126,-0.019464507098580282,0.9923632991528863,0.014032733161473711,-0.9916506698660268,1.5594099584097916,0.022051182116861117,0.9588542291541691,0.6842406681452154,0.009675656810874279,0.0,0.0,0.0,-0.052260947810437906,2.3035700656219222,0.03257414303534293
R:A:VAL:91,0.0,1.1870209998474055,0.01678533351862514,-0.011818436312737454,0.9114268852907231,0.012888233863944411,-2.3233945210957807,2.159621464087794,0.030538605933134434,2.2832989402119575,1.3308662794427903,0.01881940957406039,0.0,0.0,0.0,-0.05191401719656069,2.945316238235902,0.04164889701443141
R:A:GLU:92,0.0,1.3924814216187726,0.01969069214728725,-0.023730653869226157,0.9423817523341443,0.013325958021659664,2.658851029794041,2.1469426274107413,0.030359318033190065,-2.5555332933413317,1.0213568303484386,0.01444272261495648,0.0,0.0,0.0,0.07958708258348328,2.911978759705942,0.041177481010951
R:A:LYS:94,0.0,1.2034118526542912,0.017017112005318837,-0.11691441711657667,0.9727017471115588,0.013754704627395618,1.0127250549890023,1.7635050427235057,0.024937233888614106,-0.6690597880423915,0.7779629797959867,0.011000957929723025,0.0,0.0,0.0,0.226750849830034,2.471745377175205,0.034952263299755634
R:A:ARG:95,0.0,1.249783170408814,0.017672835900943148,-0.03834013197360527,0.9390775132376823,0.013279233696423188,0.03825054989002198,1.290998149203651,0.018255645442748505,-1.1862743451309739,0.8252435770052173,0.011669539692993206,0.0,0.0,0.0,-1.186363927214557,2.188955854178287,0.030953415377363035
R:A:ALA:96,0.0,1.2412302585705768,0.01755189155557886,-0.3887334533093381,0.8620037763686828,0.012189355438970944,-2.9280219956008797,1.7817137270859573,0.025194717825291226,2.4733343331333733,0.8724503585701752,0.012337077649786359,0.0,0.0,0.0,-0.8434211157768445,2.49386777891708,0.0352650900244034
R:A:VAL:97,0.0,1.257815731773341,0.017786422115112686,0.15208098380323937,1.1367942926213408,0.01607509163373834,-1.6701881623675265,1.785828473301712,0.025252903306074485,-1.2405310937812437,1.0994464560604313,0.015546966273736657,0.0,0.0,0.0,-2.758638272345531,2.696732749946113,0.038133747106633864
R:A:ALA:98,0.0,1.2967602889428558,0.01833712625674919,-0.3938888222355529,1.1815103934698232,0.01670740956786987,0.9020575884823034,2.123317466750753,0.030025241213015877,-0.6312077584483105,1.0781201742534563,0.015245397259466243,0.0,0.0,0.0,-0.12303899220155973,2.9577650737672716,0.04182493253220187
R:A:ARG:99,0.0,1.315710186276537,0.018605091479715286,-0.16764687062587483,0.9579777080515283,0.013546496089892366,2.330597880423915,2.226980372139471,0.03149110950067296,-1.9299844031193762,1.552054169869541,0.021947165958801182,0.0,0.0,0.0,0.23296660667866428,3.16498472468658,0.044755167930514796
R:A:SER:102,0.0,1.275083399218807,0.018030599393524877,-0.12530713857228554,0.959468716909947,0.013567580031095596,-0.26802439512097587,2.940409691747962,0.041579514906418744,0.3027130573885224,2.44093216453842,0.03451654223757119,0.0,0.0,0.0,-0.09061847630473907,4.141325498061673,0.05856133101527916
R:A:HSD:108,0.0,0.0,0.0,0.0,0.0,0.0,0.0,0.0,0.0,0.0,0.0,0.0,0.0,0.0,0.0,0.0,0.0,0.0
R:A:THR:110,0.0,1.1692627094278536,0.016534218477314917,-0.03995880823835232,0.9370594736726063,0.013250697160710732,0.07403299340131973,1.509419026136448,0.02134427425994625,0.009759448110377924,1.2088187115505347,0.01709356889182148,0.0,0.0,0.0,0.04383363327334533,2.4463941249756846,0.03459377829962637
R:A:ASP:167,0.0,1.2146476596809033,0.01717599442468365,-0.0070009998000399925,0.9446015202452615,0.013357347141756808,0.6961917616476704,1.6620604371703818,0.023502733961406876,-0.7088590281943611,0.7915673540978908,0.011193333599571349,0.0,0.0,0.0,-0.019668266346730686,2.3993050539892775,0.0339279048553565
L:C:ADE:3,0.0,0.0,0.0,0.0,0.0,0.0,0.0,0.0,0.0,0.0,0.0,0.0,0.0,0.0,0.0,0.0,0.0,0.0
L:C:GUA:4,0.0,0.0,0.0,0.0,0.0,0.0,0.0,0.0,0.0,0.0,0.0,0.0,0.0,0.0,0.0,0.0,0.0,0.0
L:C:GUA:5,0.0,0.0,0.0,0.0,0.0,0.0,0.0,0.0,0.0,0.0,0.0,0.0,0.0,0.0,0.0,0.0,0.0,0.0
L:C:GUA:6,0.0,0.0,0.0,0.0,0.0,0.0,0.0,0.0,0.0,0.0,0.0,0.0,0.0,0.0,0.0,0.0,0.0,0.0
L:C:THY:7,0.0,0.0,0.0,0.0,0.0,0.0,0.0,0.0,0.0,0.0,0.0,0.0,0.0,0.0,0.0,0.0,0.0,0.0
L:C:THY:8,0.0,0.0,0.0,0.0,0.0,0.0,0.0,0.0,0.0,0.0,0.0,0.0,0.0,0.0,0.0,0.0,0.0,0.0
L:C:ADE:9,0.0,0.0,0.0,0.0,0.0,0.0,0.0,0.0,0.0,0.0,0.0,0.0,0.0,0.0,0.0,0.0,0.0,0.0
L:C:GUA:10,0.0,0.0,0.0,0.0,0.0,0.0,0.0,0.0,0.0,0.0,0.0,0.0,0.0,0.0,0.0,0.0,0.0,0.0
L:C:GUA:11,0.0,0.0,0.0,0.0,0.0,0.0,0.0,0.0,0.0,0.0,0.0,0.0,0.0,0.0,0.0,0.0,0.0,0.0
L:C:GUA:12,0.0,0.0,0.0,0.0,0.0,0.0,0.0,0.0,0.0,0.0,0.0,0.0,0.0,0.0,0.0,0.0,0.0,0.0

