| Run on Tue Dec 16 14:16:56 2025
idecomp = 2: Per-residue decomp adding 1-4 interactions to EEL and VDW.
Energy Decomposition Analysis (All units kcal/mol): Poisson Boltzmann model

Complex:
Total Energy Decomposition:
Residue,Internal,,,van der Waals,,,Electrostatic,,,Polar Solvation,,,Non-Polar Solv.,,,TOTAL,,
,Avg.,Std. Dev.,Std. Err. of Mean,Avg.,Std. Dev.,Std. Err. of Mean,Avg.,Std. Dev.,Std. Err. of Mean,Avg.,Std. Dev.,Std. Err. of Mean,Avg.,Std. Dev.,Std. Err. of Mean,Avg.,Std. Dev.,Std. Err. of Mean
R:A:GLU:18,20.392959040959038,2.7609750639976203,0.08726607551666674,-3.1349000999000998,1.3177257039987536,0.04164932610036321,12.161808191808191,16.804799457784565,0.5311489109945587,-100.18186813186811,16.142453878372336,0.5102141694589257,0.0,0.0,0.0,-70.762000999001,23.501903888126385,0.7428241371065307
R:A:GLN:19,24.150208791208787,2.932488741179664,0.09268710437718757,-6.941476523476523,1.5083226115780748,0.04767351818632062,-43.33093906093905,3.442072152146456,0.10879349555881651,-4.210343656343657,2.7198881881478494,0.0859674435741317,0.0,0.0,0.0,-30.33255044955045,5.488185471934373,0.17346495232370962
R:A:LYS:22,25.98004195804196,2.8748563242973395,0.0908655178987574,-9.146577422577423,1.4183292447113072,0.044829099904025976,-109.15426073926075,15.916634339779275,0.503076696482452,69.35675824175824,13.29299075386394,0.42015125384342955,0.0,0.0,0.0,-22.964037962037963,20.983786803632675,0.6632340681773801
R:A:PHE:24,28.327593406593408,3.027122447672588,0.09567818976760625,-1.367965034965035,1.8106145262902897,0.057228051800672974,-0.8434385614385614,1.2695221526131606,0.040125757557409394,1.198928071928072,0.4002321314713709,0.012650127798911278,0.0,0.0,0.0,27.315117882117878,3.7701017931952925,0.11916152089911981
R:A:GLY:26,6.376062937062938,1.8356436259561526,0.05801914597969569,-5.206671328671328,0.8128562367390234,0.025691928429355165,2.378071928071928,1.3241963347209094,0.04185384317717539,1.718307692307692,0.4655852227370818,0.01471574145548071,0.0,0.0,0.0,5.265771228771229,2.4496098292663686,0.07742476168459604
R:A:GLY:27,7.819515484515485,2.0170844400697803,0.06375394162950491,-4.713727272727272,0.7318376679109113,0.02313117638280485,-5.380543456543457,1.3029292865056057,0.04118165607205676,2.231010989010989,0.5616148392372386,0.017750947341478692,0.0,0.0,0.0,-0.04374425574425576,2.572401983328106,0.08130585048142518
R:A:LEU:28,21.06432967032967,3.0234984505252296,0.09556364617289675,-8.448962037962039,1.2040526192187762,0.03805646351714992,-7.649517482517482,1.494136751208785,0.04722514602302302,-2.576781218781219,0.4454462041213809,0.014079207956042039,0.0,0.0,0.0,2.3890689310689313,3.6086219727556594,0.11405763191850027
R:A:SER:29,15.386705294705296,2.43093108296632,0.07683438297874254,-3.438815184815185,1.3742785123037509,0.043436789415253814,14.478285714285713,2.9974191969831763,0.09473935980439767,-1.5057732267732267,1.6694246867522176,0.05276546778099851,0.0,0.0,0.0,24.920402597402603,4.423750443536867,0.13982137879710635
R:A:PHE:30,29.298445554445554,3.0802881712698005,0.09735859757383067,3.882796203796204,1.7541216792343723,0.055442483679606656,0.05462837162837162,1.6060482846607023,0.05076233129381669,0.13062537462537463,1.321179735169618,0.04175849758435233,0.0,0.0,0.0,33.366495504495504,4.1097475675409925,0.1298966970980868
R:A:GLU:31,20.463453546453543,2.6561807359417244,0.08395384359357103,-1.7005234765234765,1.0029475788157869,0.03170014111806986,75.85057642357641,5.107822975872475,0.16144284363541686,-165.14180019980017,4.922062915150441,0.1555715296571304,0.0,0.0,0.0,-70.5282937062937,7.6405339369307415,0.24149418088638985
R:A:ASP:49,24.882966033966035,2.3730083519041707,0.07500362054668985,-3.583789210789211,1.2197038087758578,0.03855115030647441,9.361401598401597,10.603086130041403,0.33513150009916653,-118.94286013986014,11.73027801461327,0.3707586281393592,0.0,0.0,0.0,-88.28228171828172,16.035700913915335,0.5068400309600274
R:A:CYS:50,17.39775024975025,2.1957153644315643,0.06939992515838074,-6.455826173826174,1.1349440601785232,0.03587215087677327,11.681893106893108,1.6119955241849915,0.05095030555704341,-2.608064935064935,1.0353022698657777,0.03272277509593666,0.0,0.0,0.0,20.015752247752243,3.127242290152304,0.09884267533231876
R:A:VAL:51,18.224252747252745,2.4750167710619473,0.07822779831114575,-5.391795204795205,1.4695666194385388,0.04644855843174928,4.384802197802197,1.6303231689453368,0.05152958700458506,0.42072327672327675,0.6624976673079415,0.0209395485742642,0.0,0.0,0.0,17.637983016983018,3.3737502664533947,0.10663404728487988
R:A:MET:53,21.66673726273726,2.6311230980596396,0.0831618474078028,-9.85083016983017,1.3390226030942398,0.042322456701567056,5.5662847152847155,1.6165873052021666,0.05109543787432723,-0.5323036963036963,0.8065428149602225,0.025492380252009554,0.0,0.0,0.0,16.849888111888113,3.461163982888559,0.10939693061515472
R:A:ARG:54,31.260763236763236,3.9649621259511276,0.12532046696683705,-6.378682317682317,1.7448846713925141,0.05515052978462706,-346.4627172827173,15.766279128172366,0.4983244227580326,79.1351988011988,11.273082596708248,0.3563080630527605,0.0,0.0,0.0,-242.44543756243758,19.86009808526477,0.6277176646310406
R:A:PRO:56,25.62146253746254,2.7088168996536672,0.08561751361264874,-2.5884795204795203,1.3179309927793796,0.04165581465814355,4.152447552447553,3.3078076655006043,0.10454980100915306,3.041845154845155,2.082596614407279,0.0658245834210753,0.0,0.0,0.0,30.227275724275724,4.934919584741272,0.15597789011798213
R:A:ARG:60,32.50516183816184,4.218157157808875,0.1333231965309901,-4.427507492507492,1.551872051211206,0.049049984325870155,-390.9070649350649,15.810601369559354,0.49972531482488985,120.78453946053945,12.772602078231452,0.4037033409093626,0.0,0.0,0.0,-242.04487112887116,20.816234918622033,0.6579382595911454
R:A:ARG:62,32.06773226773227,3.961558925111505,0.12521290207596156,-8.446897102897104,1.5592537061945106,0.04928329612560744,-390.00747752247753,10.383672599763782,0.3281965016805782,126.56406693306693,9.323688846738971,0.29469361951257655,0.0,0.0,0.0,-239.82257542457543,14.590306768786657,0.46115549136932293
R:A:GLY:63,8.200327672327672,1.8878543880112002,0.05966937033836176,-4.504496503496504,0.7497830936679034,0.02369837704307483,3.149976023976024,1.6836606636119944,0.05321542397506136,-1.4464435564435563,0.5822742187278636,0.018403927875155074,0.0,0.0,0.0,5.3993636363636375,2.7018374070015536,0.08539691294848864
R:A:PHE:64,28.910268731268733,2.880462225421332,0.09104270348699554,-1.7757622377622377,1.659042441768443,0.05243731640194376,2.6441228771228773,1.1644216350368848,0.03680384790916639,-0.6483966033966034,0.4150028122967811,0.01311698436895089,0.0,0.0,0.0,29.13023276723277,3.5464897481910787,0.11209382012187338
R:A:PHE:66,29.114421578421577,2.8551198956393113,0.09024170905087629,-1.5257762237762234,1.7185433089594677,0.0543179589464226,1.5904985014985014,1.3328618793627094,0.04212773484789894,-1.284995004995005,0.38037886494143025,0.012022626059092666,0.0,0.0,0.0,27.89414885114885,3.6091979155481644,0.11407583572913202
R:A:ARG:89,33.42825074925074,4.233549114154692,0.1338096897421524,-7.931778221778222,1.6457838467717867,0.05201825229400942,-375.63957242757243,11.45519622705777,0.36206412438990465,105.28003096903099,9.458566505855645,0.29895669459046037,0.0,0.0,0.0,-244.86306893106897,15.534398717631388,0.49099538394092507
R:A:VAL:91,16.443301698301696,2.606145435860067,0.08237237901159725,-6.560336663336662,1.1751193888139575,0.03714197156741379,6.702744255744256,1.5244180064113646,0.04818224496162105,0.798005994005994,0.8955605926953504,0.028305963110998467,0.0,0.0,0.0,17.383715284715286,3.361365592178392,0.1062426051691489
R:A:GLU:92,24.451516483516485,2.735721373339302,0.08646788269529715,-3.0854615384615385,1.6470067763818652,0.05205690540214367,56.17031368631368,11.462932512917748,0.3623086449996264,-135.59772027972028,9.73424974107695,0.3076702082824921,0.0,0.0,0.0,-58.061351648351646,15.373719217266741,0.48591679065855786
R:A:LYS:94,24.388178821178823,2.738359017528952,0.08655125065469726,-6.90086013986014,1.5403746123826851,0.048686585040544766,-129.72596403596404,11.270444185238341,0.3562246708419509,84.28539060939062,8.954911815124428,0.28303769233332454,0.0,0.0,0.0,-27.953254745254743,14.733795227455248,0.4656907277911301
R:A:ARG:95,29.959763236763237,3.871933703239872,0.12238011974408365,-7.668251748251748,1.686257914675165,0.05329751522983939,-332.69336063936066,18.719257734340978,0.5916591498279304,72.46076123876125,9.292627606662174,0.29371186760995044,0.0,0.0,0.0,-237.94108791208788,21.321324403466917,0.6739026113529206
R:A:ALA:96,11.14573126873127,2.238210987884074,0.07074308335408176,-5.337732267732267,0.8435463969006258,0.026661951617613595,7.449726273726273,1.7643525467122243,0.055765850473304006,1.3570999000999002,0.7198869902500382,0.022753451588101672,0.0,0.0,0.0,14.614825174825173,3.058158945808769,0.0966591596522829
R:A:VAL:97,16.527822177822177,2.433871002393381,0.07692730494463793,-4.937107892107893,1.3088844577822096,0.04136988103399696,5.664048951048951,1.8576244496682834,0.05871389337056999,-1.7171078921078922,0.635757605235704,0.02009437604570918,0.0,0.0,0.0,15.537655344655343,3.389965030606602,0.10714654696353686
R:A:ALA:98,10.226785214785215,2.34170095261323,0.07401408829542863,-3.4716703296703293,1.0121119447077833,0.03198979902060643,10.892977022977021,2.3245398548819494,0.07347167787307643,-2.306822177822178,1.2259408050514355,0.03874828290469269,0.0,0.0,0.0,15.34126973026973,3.6625606253705394,0.11576246967445669
R:A:ARG:99,32.908481518481516,4.190117190704368,0.13243693793389727,-6.286758241758242,1.641156505279032,0.05187199601758965,-346.4606913086913,20.01765431281665,0.6326975407012561,77.70264135864136,16.831226559189354,0.5319841917824764,0.0,0.0,0.0,-242.13632667332666,26.537655292448957,0.8387750621090425
R:A:SER:102,15.723571428571429,2.4544559896111235,0.07757793416345173,-3.2768341658341655,1.2320623064376997,0.03894176505859365,19.784896103896106,3.0403435641727397,0.09609606929356125,-3.998388611388611,2.3670209187500584,0.07481437588432727,0.0,0.0,0.0,28.233244755244755,4.731681387190972,0.14955414506987727
R:A:HSD:108,24.863176823176826,2.8293341778256744,0.08942670045941216,-5.6554175824175825,1.34014549117364,0.0423579477993359,-0.07011488511488528,5.0881437115473505,0.1608208415792946,-9.535463536463537,2.9363236892602576,0.09280831549320503,0.0,0.0,0.0,9.602180819180818,6.656750338175177,0.21039975524650106
R:A:THR:110,20.523193806193802,2.608439502415924,0.08244488752060705,-1.6861498501498502,1.252834839229852,0.03959832202607591,-3.6873836163836162,2.5286296322068273,0.07992233878358289,-6.251354645354646,2.096981359068463,0.06627924171562481,0.0,0.0,0.0,8.898305694305694,4.377767742732245,0.13836800462752352
R:A:ASP:167,22.88535964035964,2.683756051504213,0.08482541596003342,-4.076998001998001,1.406909125249138,0.044468144450139316,-13.382400599400599,7.781124085267456,0.2459378104800187,-90.87118981018979,6.715282033328825,0.21224976519262534,0.0,0.0,0.0,-85.44522877122877,10.715542200382258,0.33868589653491826
L:C:ADE:3,68.24153346653345,4.971724240462827,0.15714117402715,6.2528011988011984,2.262827554388019,0.0715211386069184,62.277896103896104,7.319158290480791,0.23133646820074458,-183.9168201798202,7.301482102473417,0.230777777331851,0.0,0.0,0.0,-47.144589410589404,11.692739175999636,0.36957213892836205
L:C:GUA:4,67.73434865134867,4.771771718134753,0.15082127924042737,-0.4288191808191808,2.2884359665716296,0.07233054310340131,-54.02488211788212,7.821657668640612,0.24721895451993678,-182.55795304695306,7.723569662821508,0.24411868916995005,0.0,0.0,0.0,-169.27730569430568,12.199942685314163,0.3856033086130579
L:C:GUA:5,64.17812287712287,4.735780051184062,0.14968369144869195,-1.8686443556443555,2.4539138986461286,0.07756080030675559,-46.31219180819181,9.81941483783099,0.31036201954208437,-191.61233466533466,8.176040788175973,0.2584199336502689,0.0,0.0,0.0,-175.61504795204797,13.846221753333802,0.4376372133536889
L:C:GUA:6,69.543007992008,5.081748253762817,0.16061870049179755,-0.1535234765234765,2.586399626637313,0.08174827367242203,-80.0928051948052,8.313244107051686,0.2627565158028108,-167.2171968031968,5.951624035133116,0.18811284436040202,0.0,0.0,0.0,-177.92051748251748,11.706642754534487,0.3700115890161935
L:C:THY:7,62.272466533466535,4.147743654772214,0.1310976385556517,2.659628371628372,2.522402355317671,0.07972551338578827,-36.33711288711289,9.59888742128572,0.30339181454578473,-160.4891928071928,6.761532010178133,0.21371158715002178,0.0,0.0,0.0,-131.8942107892108,12.705244819325445,0.4015743815721578
L:C:THY:8,62.49048351648352,3.9472056464747896,0.12475923832732566,-0.1574005994005994,2.6128808488007276,0.08258526505391615,-43.41392907092907,7.651210666900679,0.2418316400456474,-147.25255644355644,7.224228294884121,0.22833601800742004,0.0,0.0,0.0,-128.3334025974026,11.538547476675353,0.3646986054246608
L:C:ADE:9,67.01401998001997,4.708082310936571,0.14880824960801883,-4.50841958041958,2.5295527412381658,0.07995151546956217,34.32021078921079,10.656536519991922,0.33682090534829023,-153.8153246753247,8.34609247096787,0.26379475328763546,0.0,0.0,0.0,-56.98951348651348,14.552790325333746,0.459969710001657
L:C:GUA:10,68.20433266733265,4.676817176170398,0.1478200532106225,-6.011160839160839,2.9359693790824837,0.0927971168195433,-105.97133966033967,13.573878299455432,0.42902926005395553,-136.15296703296704,11.324641961772995,0.3579376987216959,0.0,0.0,0.0,-179.93113486513485,18.519995214497474,0.5853610639339103
L:C:GUA:11,65.21761138861139,4.592047866934529,0.1451407515980385,-1.3447152847152846,3.9330208828064404,0.12431090082742954,-101.06793406593407,15.614032801916007,0.4935123766162664,-138.22560239760242,15.04128262704639,0.4754094749768769,0.0,0.0,0.0,-175.42064035964034,22.507637821033242,0.7113983923303424
L:C:GUA:12,59.74309090909091,4.727047695635243,0.14940768808716273,3.9207752247752246,3.2605008511921825,0.10305457561442809,-120.52025874125873,13.458326428561922,0.42537701472114736,-91.39058741258742,12.208242286213135,0.3858656339082959,0.0,0.0,0.0,-148.24698001998004,19.05632639555815,0.6023128712713577

Sidechain Energy Decomposition:
Residue,Internal,,,van der Waals,,,Electrostatic,,,Polar Solvation,,,Non-Polar Solv.,,,TOTAL,,
,Avg.,Std. Dev.,Std. Err. of Mean,Avg.,Std. Dev.,Std. Err. of Mean,Avg.,Std. Dev.,Std. Err. of Mean,Avg.,Std. Dev.,Std. Err. of Mean,Avg.,Std. Dev.,Std. Err. of Mean,Avg.,Std. Dev.,Std. Err. of Mean
R:A:GLU:18,16.303274725274726,2.4063794998198844,0.07605838165339612,-3.08800999000999,1.2187303755022798,0.03852038302332499,6.849365634365634,16.672868729960403,0.5269789795064408,-98.31998101898101,15.89515174886732,0.5023976967242644,0.0,0.0,0.0,-78.25535064935065,23.19302409845117,0.7330613806793351
R:A:GLN:19,19.786693306693305,2.684696840189118,0.08485515144641743,-6.320443556443556,1.1979195489744392,0.03786261570661722,-50.79827372627373,3.249986615971673,0.10272225242298844,-2.15813986013986,2.2769590654716976,0.07196779295359233,0.0,0.0,0.0,-39.49016383616383,4.938579143778634,0.15609355771653327
R:A:LYS:22,21.791312687312686,2.6260242538383234,0.08300068835545668,-7.601293706293707,1.282333151462213,0.040530674504173345,-112.56718481518482,15.750951629079038,0.49783996684577125,68.9591928071928,13.181679525109292,0.4166330423894327,0.0,0.0,0.0,-29.417973026973026,20.74583172633383,0.655713027507397
R:A:PHE:24,24.189136863136863,2.8789981049249733,0.09099642706405106,-1.196148851148851,1.508329345139108,0.04767373101382973,-2.228848151848152,0.9243865222279067,0.029217063604526264,0.7472787212787213,0.2687861031889405,0.008495516198090833,0.0,0.0,0.0,21.51141858141858,3.3897527805598826,0.10713983838117878
R:A:GLY:26,4.318872127872128,1.421327483663266,0.04492386517380708,-3.3380199800199803,0.5438856570938484,0.017190581488143637,7.179975024975025,0.7698466577826556,0.024332525653832787,0.5207292707292708,0.21106992944815797,0.006671282418556588,0.0,0.0,0.0,8.681556443556445,1.7184870716491683,0.05431618145504594
R:A:GLY:27,5.181365634365635,1.50922276117046,0.04770196919383955,-3.2908201798201797,0.507591600009267,0.016043436058382512,1.5743186813186814,0.7834562206600751,0.024762682795523926,1.603061938061938,0.23680785923960065,0.007484780575099388,0.0,0.0,0.0,5.067926073926073,1.7903307479690915,0.05658694288454314
R:A:LEU:28,17.242144855144858,2.7361365238085407,0.08648100434665568,-8.28326873126873,0.8553219505380512,0.027034141271324644,-10.515712287712287,0.9937688195310764,0.03141002828389993,-0.6204425574425574,0.2909330488413869,0.00919551420132219,0.0,0.0,0.0,-2.177278721278721,3.0479890455137197,0.09633771984693394
R:A:SER:29,11.906556443556443,2.1326203116512024,0.06740568127242297,-3.8943746253746254,0.9008524581551189,0.02847322298120083,18.861814185814186,2.4200106008301763,0.07648921955035891,-2.6918001998002,1.471436789608764,0.04650766885742172,0.0,0.0,0.0,24.1821958041958,3.6580298083771767,0.11561926424567513
R:A:PHE:30,24.558618381618377,2.8755588002696046,0.09088772104069942,3.881074925074925,1.6623649972243228,0.05254233233602514,-2.2415034965034963,0.9411374843630919,0.02974651088050034,0.06818181818181818,0.41353821957594306,0.013070693020418116,0.0,0.0,0.0,26.266371628371626,3.4769310348823317,0.10989527946585805
R:A:GLU:31,16.305926073926074,2.320172460030759,0.07333363772419395,-1.8190049950049951,0.8196813353270535,0.025907649163873264,73.49504495504496,5.055896620614258,0.1598016085158545,-164.36402097902098,4.76605007288658,0.15064043533031118,0.0,0.0,0.0,-76.38205494505495,7.371051598745567,0.23297665880474328
R:A:ASP:49,20.440914085914084,2.0594693080453053,0.06509359917938538,-2.127347652347652,0.9980892139172955,0.031546582890164175,6.733801198801198,11.086559209796619,0.3504126226411086,-120.54391808191808,12.23260531810024,0.3866356756983137,0.0,0.0,0.0,-95.49655044955044,16.66691404821118,0.5267907700169813
R:A:CYS:50,13.22153046953047,1.9088469474140737,0.06033288168188212,-5.615965034965035,0.8622750463284341,0.02725390761048152,7.3257002997003,1.5927300904261716,0.05034138343413794,0.8864175824175824,0.7730227598611092,0.024432912639373205,0.0,0.0,0.0,15.817683316683317,2.742547766655118,0.08668364435224668
R:A:VAL:51,14.489237762237762,2.224280076688418,0.0703027693634672,-4.457140859140859,1.073583981146462,0.033932744266281296,6.285000999000999,0.7806747337778019,0.02467476840343752,-0.16144855144855144,0.35254767300134165,0.011142966213832756,0.0,0.0,0.0,16.15564935064935,2.6141437079519987,0.08262518021414297
R:A:MET:53,17.264984015984012,2.406420094678438,0.07605966473415926,-8.720331668331667,1.2092222878134398,0.038219861113839855,2.4167832167832164,1.2197516705543887,0.038552663072610585,0.8327882117882117,0.6840174787165233,0.021619724759834903,0.0,0.0,0.0,11.794223776223776,3.0345922728476857,0.0959142883605731
R:A:ARG:54,27.384866133866133,3.7999387865175747,0.12010457806265774,-5.477794205794206,1.632630456471701,0.05160251338850641,-352.2734155844156,15.63096924779431,0.49404768647265457,80.73107492507492,11.441397485489246,0.3616279878816631,0.0,0.0,0.0,-249.63526873126875,19.807518598631447,0.6260557860030868
R:A:PRO:56,17.112084915084914,1.9084943235962266,0.06032173630895989,-2.2806783216783213,0.9020820164791699,0.02851208560294556,-25.753366633366635,2.876947398218021,0.09093161042420343,33.05657942057942,2.628044257488208,0.08306453456448386,0.0,0.0,0.0,22.134619380619377,4.431652682587425,0.1400711446855162
R:A:ARG:60,28.718041958041958,4.050879168304278,0.12803604495373233,-4.890894105894105,1.283512280035615,0.04056794319394607,-394.4301828171828,15.603377815725805,0.4931756047121562,122.80634265734264,12.715176422606591,0.40188828952925437,0.0,0.0,0.0,-247.7966923076923,20.571780101087473,0.6502117817806228
R:A:ARG:62,27.605083916083913,3.7661336004786654,0.11903609832294758,-7.498201798201799,1.4647421614868352,0.04629607189993296,-403.07200999001,10.407160329973125,0.32893887783054454,131.945010989011,9.309282870517782,0.294238290152597,0.0,0.0,0.0,-251.02011688311688,14.536195017726394,0.4594451824947738
R:A:GLY:63,5.278797202797204,1.4174569607563299,0.044801529645069414,-2.9771478521478523,0.4458042985943909,0.014090526239836514,8.680258741258744,0.8489792189869798,0.026833666700679187,-1.231070929070929,0.2896581745884794,0.009155219280053545,0.0,0.0,0.0,9.750837162837163,1.7356823674334774,0.054859672774475766
R:A:PHE:64,25.149276723276724,2.637592088311483,0.08336631263430745,-0.2923266733266733,1.5075024678213085,0.04764759592141292,-1.4506483516483515,0.713127728434898,0.02253981175495414,-0.8200869130869131,0.27775183412032445,0.008778895849983604,0.0,0.0,0.0,22.586214785214786,3.1329144503529913,0.09902195516967416
R:A:PHE:66,24.71668431568432,2.6709602108223103,0.08442097811711086,-0.03406393606393606,1.5884986773240422,0.050207641257278876,-1.8656293706293707,0.9139683874638226,0.028887777858008504,-0.5538551448551449,0.230824998247997,0.007295680424972333,0.0,0.0,0.0,22.26313586413586,3.247456680042953,0.10264228879612093
R:A:ARG:89,29.44278321678322,4.062749131985458,0.12841121862353075,-7.253538461538461,1.4765827671015024,0.04667031764999653,-378.76577122877126,11.281677071653059,0.35657970842520154,105.42639260739261,9.331763769280684,0.29494884340413036,0.0,0.0,0.0,-251.15013386613387,15.265787885735596,0.4825054075385764
R:A:VAL:91,13.210386613386614,2.3279074990335342,0.07357811892452872,-5.907782217782217,0.9101446671866337,0.028766921618915697,8.098782217782217,0.7649121935618604,0.024176562156392602,-0.4947222777222777,0.2059266592848109,0.006508719196479748,0.0,0.0,0.0,14.906664335664336,2.622024616995167,0.08287427192549851
R:A:GLU:92,17.62746853146853,2.3934442763003667,0.07564953834032222,-2.3668131868131868,1.4286498974683748,0.045155304538984004,41.66259540459541,11.68162842648423,0.3692209617232864,-135.327008991009,9.882540744330667,0.3123572386208408,0.0,0.0,0.0,-78.40375824175825,15.552963392585076,0.4915821571963507
R:A:LYS:94,20.758056943056946,2.5532285150186502,0.08069983510836824,-6.170276723276723,1.369666212919352,0.043291008574407805,-132.8715744255744,10.966028657457954,0.34660301623806417,84.77696003996003,8.632460151552017,0.27284596999917127,0.0,0.0,0.0,-33.506834165834164,14.253705278594747,0.45051653578977513
R:A:ARG:95,25.858198801198803,3.6754999191651163,0.11617144163662102,-7.641112887112888,1.551074156578128,0.049024765288504524,-336.5448231768232,18.45506238434572,0.5833087334607298,72.8922037962038,9.234321931733087,0.2918690014798794,0.0,0.0,0.0,-245.43553346653349,21.01849566082136,0.6643311102303928
R:A:ALA:96,7.681287712287712,1.801848824389246,0.05695099446175392,-4.568534465534466,0.5568080673240123,0.01759901981187484,3.0326293706293708,0.8414542686387022,0.026595825767628107,-0.025709290709290723,0.3742749185944838,0.011829698766916742,0.0,0.0,0.0,6.119673326673326,2.0987666403602883,0.06633566906046484
R:A:VAL:97,13.195546453546456,2.2110866251745733,0.06988576424409983,-5.103287712287712,0.923077564968358,0.029175691422448503,6.04971928071928,0.8425660902869168,0.026630967088960313,0.14006093906093908,0.2952115672078314,0.009330745233189965,0.0,0.0,0.0,14.28203896103896,2.556959862979566,0.08081777173777943
R:A:ALA:98,7.32682017982018,1.8932642831856257,0.05984036077104793,-3.7183726273726276,0.4802447469707472,0.015179084701674748,4.442477522477523,0.9147997524907289,0.02891405479334412,-1.1922127872127872,0.5289663356887957,0.016719026838712774,0.0,0.0,0.0,6.8587122877122875,2.2207540688758196,0.07019132291541379
R:A:ARG:99,28.66494905094905,4.0256582383691555,0.12723888759978932,-6.738145854145854,1.4522551462107474,0.045901395094528175,-353.0558121878122,19.997236742044485,0.6320522030101975,80.74613886113887,16.78777512525237,0.5306108233067169,0.0,0.0,0.0,-250.38287012987013,26.458152623251333,0.8362622230673413
R:A:SER:102,11.890337662337663,2.0636468287079777,0.06522563797914671,-3.454917082917083,0.8917114123274452,0.028184302155402394,17.987404595404595,2.4630543486521868,0.07784970230043389,-1.009905094905095,1.6639995155036613,0.0525939945177877,0.0,0.0,0.0,25.41292007992008,3.7268376123091778,0.11779407092624397
R:A:HSD:108,24.863176823176826,2.8293341778256744,0.08942670045941216,-5.6554175824175825,1.34014549117364,0.0423579477993359,-0.07011488511488528,5.0881437115473505,0.1608208415792946,-9.535463536463537,2.9363236892602576,0.09280831549320503,0.0,0.0,0.0,9.602180819180818,6.656750338175177,0.21039975524650106
R:A:THR:110,15.940512487512489,2.306028937076738,0.07288660371860961,-1.7014115884115886,0.866654375526343,0.027392324967986992,0.34611388611388616,2.264147950350398,0.07156287233181413,-4.0680409590409585,2.1164034052955816,0.06689311388522343,0.0,0.0,0.0,10.517173826173826,3.9590893625020476,0.12513484666721114
R:A:ASP:167,18.72737662337662,2.348745763668481,0.07423675347685843,-3.3857212787212787,1.2359418525860306,0.03906438578471511,-19.00984015984016,7.661470296054683,0.24215591590898314,-91.82252247752248,6.74747550851474,0.21326730362437427,0.0,0.0,0.0,-95.49070729270728,10.54849334078848,0.33340598706149605
L:C:ADE:3,68.24153346653345,4.971724240462827,0.15714117402715,6.2528011988011984,2.262827554388019,0.0715211386069184,62.277896103896104,7.319158290480791,0.23133646820074458,-183.9168201798202,7.301482102473417,0.230777777331851,0.0,0.0,0.0,-47.144589410589404,11.692739175999636,0.36957213892836205
L:C:GUA:4,67.73434865134867,4.771771718134753,0.15082127924042737,-0.4288191808191808,2.2884359665716296,0.07233054310340131,-54.02488211788212,7.821657668640612,0.24721895451993678,-182.55795304695306,7.723569662821508,0.24411868916995005,0.0,0.0,0.0,-169.27730569430568,12.199942685314163,0.3856033086130579
L:C:GUA:5,64.17812287712287,4.735780051184062,0.14968369144869195,-1.8686443556443555,2.4539138986461286,0.07756080030675559,-46.31219180819181,9.81941483783099,0.31036201954208437,-191.61233466533466,8.176040788175973,0.2584199336502689,0.0,0.0,0.0,-175.61504795204797,13.846221753333802,0.4376372133536889
L:C:GUA:6,69.543007992008,5.081748253762817,0.16061870049179755,-0.1535234765234765,2.586399626637313,0.08174827367242203,-80.0928051948052,8.313244107051686,0.2627565158028108,-167.2171968031968,5.951624035133116,0.18811284436040202,0.0,0.0,0.0,-177.92051748251748,11.706642754534487,0.3700115890161935
L:C:THY:7,62.272466533466535,4.147743654772214,0.1310976385556517,2.659628371628372,2.522402355317671,0.07972551338578827,-36.33711288711289,9.59888742128572,0.30339181454578473,-160.4891928071928,6.761532010178133,0.21371158715002178,0.0,0.0,0.0,-131.8942107892108,12.705244819325445,0.4015743815721578
L:C:THY:8,62.49048351648352,3.9472056464747896,0.12475923832732566,-0.1574005994005994,2.6128808488007276,0.08258526505391615,-43.41392907092907,7.651210666900679,0.2418316400456474,-147.25255644355644,7.224228294884121,0.22833601800742004,0.0,0.0,0.0,-128.3334025974026,11.538547476675353,0.3646986054246608
L:C:ADE:9,67.01401998001997,4.708082310936571,0.14880824960801883,-4.50841958041958,2.5295527412381658,0.07995151546956217,34.32021078921079,10.656536519991922,0.33682090534829023,-153.8153246753247,8.34609247096787,0.26379475328763546,0.0,0.0,0.0,-56.98951348651348,14.552790325333746,0.459969710001657
L:C:GUA:10,68.20433266733265,4.676817176170398,0.1478200532106225,-6.011160839160839,2.9359693790824837,0.0927971168195433,-105.97133966033967,13.573878299455432,0.42902926005395553,-136.15296703296704,11.324641961772995,0.3579376987216959,0.0,0.0,0.0,-179.93113486513485,18.519995214497474,0.5853610639339103
L:C:GUA:11,65.21761138861139,4.592047866934529,0.1451407515980385,-1.3447152847152846,3.9330208828064404,0.12431090082742954,-101.06793406593407,15.614032801916007,0.4935123766162664,-138.22560239760242,15.04128262704639,0.4754094749768769,0.0,0.0,0.0,-175.42064035964034,22.507637821033242,0.7113983923303424
L:C:GUA:12,59.74309090909091,4.727047695635243,0.14940768808716273,3.9207752247752246,3.2605008511921825,0.10305457561442809,-120.52025874125873,13.458326428561922,0.42537701472114736,-91.39058741258742,12.208242286213135,0.3858656339082959,0.0,0.0,0.0,-148.24698001998004,19.05632639555815,0.6023128712713577

Backbone Energy Decomposition:
Residue,Internal,,,van der Waals,,,Electrostatic,,,Polar Solvation,,,Non-Polar Solv.,,,TOTAL,,
,Avg.,Std. Dev.,Std. Err. of Mean,Avg.,Std. Dev.,Std. Err. of Mean,Avg.,Std. Dev.,Std. Err. of Mean,Avg.,Std. Dev.,Std. Err. of Mean,Avg.,Std. Dev.,Std. Err. of Mean,Avg.,Std. Dev.,Std. Err. of Mean
R:A:GLU:18,4.089711288711289,0.9259723380272469,0.029267186448120645,-0.046874125874125865,0.9456983339316292,0.029890665548196565,5.312442557442558,1.5234445567953643,0.04815147716193707,-1.861901098901099,1.004281299378073,0.03174229599328922,0.0,0.0,0.0,7.493378621378621,2.2541593456325666,0.07124716273161574
R:A:GLN:19,4.363527472527472,0.8925225604843454,0.028209940096591463,-0.621003996003996,0.7263948200183331,0.022959144414311898,7.467301698301698,0.9800157080878928,0.0309753340059834,-2.052197802197802,0.8329163338631012,0.0263259674590184,0.0,0.0,0.0,9.157627372627372,1.7258117982091679,0.05454769391941364
R:A:LYS:22,4.1887292707292705,0.8230022095932503,0.026012611960630903,-1.5452897102897103,0.4998934012081421,0.015800119265456252,3.4129410589410587,0.8618080959982619,0.02723914872210665,0.39756643356643356,0.4576996098963474,0.014466501071303404,0.0,0.0,0.0,6.453947052947052,1.3709223817540637,0.0433307122739526
R:A:PHE:24,4.138453546453547,0.7787501026436803,0.02461393663132843,-0.1718121878121878,0.8038895572596012,0.025408518796726304,1.3854335664335664,0.83310459041683,0.026331917679593888,0.4516333666333666,0.37132580517917485,0.011736486206845686,0.0,0.0,0.0,5.803708291708292,1.4438269476651753,0.045635005216423864
R:A:GLY:26,2.057186813186813,0.8285794193749458,0.0261888907022712,-1.8686473526473528,0.6022806824853255,0.019036271716229923,-4.801908091908092,0.8313225897906055,0.026275594026676247,1.1975594405594405,0.3771750888720265,0.011921364382355075,0.0,0.0,0.0,-3.415809190809191,1.3720948111076334,0.04336776922163776
R:A:GLY:27,2.6381718281718287,0.8887932094005208,0.02809206658242868,-1.4229180819180818,0.5492685311970402,0.017360717866451127,-6.954853146853146,0.97585348254397,0.030843778638689548,0.627944055944056,0.5969967585652334,0.01886926285408995,0.0,0.0,0.0,-5.111655344655344,1.5493045012425484,0.048968831832905124
R:A:LEU:28,3.8222067932067927,0.9519075943208356,0.03008692149889051,-0.16569330669330667,0.8280025317911186,0.02617065702964179,2.866204795204795,0.9702533316044286,0.030666774796399444,-1.9563556443556442,0.27932117548001595,0.008828497986341902,0.0,0.0,0.0,4.566362637362637,1.6158985448781167,0.051073668242563736
R:A:SER:29,3.480141858141858,0.8377294021966992,0.026478093999436514,0.4555734265734266,0.8524748919538541,0.02694415435595961,-4.383544455544455,1.098801588704889,0.03472979660994029,1.186025974025974,0.4745946557194232,0.015000502397095657,0.0,0.0,0.0,0.7381968031968031,1.691481306811991,0.053462610865294136
R:A:PHE:30,4.739837162837162,0.8331680655378663,0.02633392393628849,0.0017342657342657348,0.5305195550744278,0.016768119408206782,2.2961188811188813,1.2114926283162775,0.03829161971403609,0.062448551448551465,1.2125090067743376,0.03832374436464636,0.0,0.0,0.0,7.100138861138861,1.9782599686901747,0.06252681745316348
R:A:GLU:31,4.157525474525475,0.8771478844466367,0.02772399306373114,0.11847452547452546,0.6198556385061055,0.019591762948045266,2.3555214785214784,1.1627304836507046,0.03675039572609493,-0.7777792207792208,0.9672086112675393,0.030570540390551026,0.0,0.0,0.0,5.853742257742257,1.855005147997629,0.05863110516274702
R:A:ASP:49,4.442031968031968,0.8686182655722462,0.027454397595620246,-1.4564515484515483,0.502458755619803,0.01588120236350165,2.6276213786213782,1.2937642249006829,0.040891976180137686,1.6010689310689312,0.7030189873305052,0.022220305006741388,0.0,0.0,0.0,7.21427072927073,1.781859719103839,0.05631919926950714
R:A:CYS:50,4.176217782217782,0.7821028663992011,0.024719907358443653,-0.8398211788211789,0.4922735984138431,0.015559280333319495,4.35620979020979,1.3871789144171174,0.04384453212894222,-3.4944835164835166,1.2200363491653587,0.03856166090293757,0.0,0.0,0.0,4.198122877122877,2.0656166689909696,0.06528789867578715
R:A:VAL:51,3.7349980019980022,0.8458388774402691,0.026734409997445297,-0.9346683316683316,0.7137046612868458,0.022558046858372,-1.9001878121878122,1.2214644862623345,0.03860679999940315,0.5821508491508491,0.5530533863684451,0.01748034569703691,0.0,0.0,0.0,1.4822927072927075,1.738580251097343,0.05495126611696806
R:A:MET:53,4.40174925074925,0.8137641046666374,0.02572062339011863,-1.1305074925074925,0.641805067329136,0.020285518041379905,3.1495204795204796,1.044001778789698,0.03299774027494611,-1.365091908091908,0.596302742391708,0.01884732710081264,0.0,0.0,0.0,5.055670329670329,1.5873381609452906,0.05017096084271554
R:A:ARG:54,3.8758961038961037,0.8842452598206506,0.027948319644378362,-0.900896103896104,0.5606624000839875,0.017720843619008882,5.810681318681318,1.0141444179406696,0.032054039355457496,-1.595887112887113,0.9277211508368483,0.029322461134479536,0.0,0.0,0.0,7.189794205794207,1.7278273757911968,0.05461140023381561
R:A:PRO:56,8.509380619380618,1.322935489611773,0.04181399167473212,-0.3077872127872128,0.8099740302914515,0.025600830596278667,29.905812187812188,4.3163933950406514,0.136428147027837,-30.014747252747256,3.16194778218706,0.09993961102298848,0.0,0.0,0.0,8.09265834165834,5.570940850291731,0.17608059966921194
R:A:ARG:60,3.787127872127872,0.8672876695368366,0.027412341477250197,0.4633876123876124,0.8466800107276821,0.026760995677966685,3.5231318681318684,1.2022006746509817,0.03799792914767545,-2.021778221778222,0.7017395715925502,0.022179866542859018,0.0,0.0,0.0,5.751869130869131,1.845746415617984,0.05833846462079991
R:A:ARG:62,4.462642357642357,0.8425127371451331,0.02662928075743177,-0.9487022977022976,0.4627552494179309,0.01462629455369609,13.064531468531468,0.9399680150884667,0.02970954749196249,-5.38096103896104,0.8299093672941623,0.026230926335647595,0.0,0.0,0.0,11.19751048951049,1.579955556472265,0.049937619032478425
R:A:GLY:63,2.9215524475524477,0.8430318788443031,0.02664568925720939,-1.5273256743256745,0.6353271356245607,0.02008077020258386,-5.530303696303697,1.2402225049621174,0.039199684266176704,-0.2154065934065934,0.500818805597836,0.01582936850077443,0.0,0.0,0.0,-4.351483516483516,1.7039115751304754,0.05385549407091161
R:A:PHE:64,3.760981018981019,0.8429840369501713,0.02664417711955896,-1.4834395604395607,0.5540500961865472,0.01751184868139518,4.09477022977023,0.8311303204331459,0.02626951697350529,0.1716703296703297,0.30937931677334873,0.00977854496872815,0.0,0.0,0.0,6.543982017982017,1.343162971060317,0.042453321216899306
R:A:PHE:66,4.397728271728272,0.7977609213306376,0.025214811141497893,-1.4917072927072927,0.48877724378567433,0.015448771132786171,3.4561268731268733,0.8755994806055314,0.027675052699042534,-0.7311518481518482,0.40480918522513576,0.012794794631918297,0.0,0.0,0.0,5.630996003996004,1.3438268521369643,0.04247430449086082
R:A:ARG:89,3.9854745254745256,0.8786974191642727,0.027772969172008315,-0.6782667332667333,0.629124263118006,0.01988471615355036,3.126238761238761,1.1646423580283993,0.03681082429569625,-0.1463636363636364,0.5045483609999897,0.01594724847282195,0.0,0.0,0.0,6.287082917082918,1.666993510362729,0.05268862564462214
R:A:VAL:91,3.232896103896104,0.8160322974517129,0.02579231410744882,-0.6525644355644356,0.6386566556218889,0.020186006264767055,-1.3960109890109889,1.0230225265307364,0.03233464953001814,1.2927342657342658,0.8175005273407979,0.025838720415874948,0.0,0.0,0.0,2.4770549450549453,1.6699321052804126,0.05278150574678003
R:A:GLU:92,6.824031968031968,0.9671994862131039,0.030570251975164796,-0.7186323676323676,0.6420277510187627,0.02029255639965003,14.50771928071928,0.9976191678760831,0.03153172615572146,-0.2706963036963037,0.49654818857060684,0.015694387206353994,0.0,0.0,0.0,20.342422577422578,1.609185690619831,0.05086149521200121
R:A:LYS:94,3.630122877122877,0.799805698111349,0.025279440354302855,-0.7305624375624374,0.6993867046098798,0.022105499530107698,3.145593406593407,1.3347252646086007,0.04218663082262359,-0.4915824175824176,0.6141260136892588,0.019410666827885035,0.0,0.0,0.0,5.553571428571429,1.8131390487193224,0.05730784432318004
R:A:ARG:95,4.101596403596403,0.8393799927177666,0.026530264176174732,-0.02712787212787213,0.7256061475421888,0.022934216861448933,3.8514615384615385,1.0805999253056886,0.0341544970523906,-0.43147052947052944,0.5820715746903957,0.018397522909711066,0.0,0.0,0.0,7.49445954045954,1.6545593280868207,0.05229561873064216
R:A:ALA:96,3.4644315684315687,0.8768774506730908,0.02771544546965387,-0.7692007992007992,0.6275657335207772,0.019835455744320225,4.417126873126873,1.2271937607243413,0.03878788504590599,1.382806193806194,0.5915010658407199,0.018695560620206175,0.0,0.0,0.0,8.495163836163837,1.7374207465780616,0.05491461768422379
R:A:VAL:97,3.3322667332667333,0.7828730877420088,0.024744251726758475,0.16617382617382617,0.9016930184130245,0.028499790549991723,-0.38568231768231764,1.5689717736627617,0.04959045486116391,-1.857166833166833,0.5934527453621588,0.018757247310072764,0.0,0.0,0.0,1.2555914085914088,2.0590772589909916,0.0650812076939185
R:A:ALA:98,2.899962037962038,0.911202819343456,0.02880036660986454,0.24671028971028974,0.8678955359504352,0.027431554297041603,6.450497502497503,1.9150561976098124,0.06052913731039137,-1.1146193806193805,0.8807262260763655,0.027837093625542163,0.0,0.0,0.0,8.482550449550448,2.4549240649365567,0.077592728609526
R:A:ARG:99,4.243541458541459,0.8895757974619366,0.028116801825334888,0.4513976023976024,0.6550841781586332,0.020705230592772253,6.5951128871128875,1.7213507457383292,0.054406693536295236,-3.0434775224775223,1.4283623030853834,0.045146214549917615,0.0,0.0,0.0,8.246574425574426,2.4947440026249375,0.07885131646665494
R:A:SER:102,3.8332387612387615,0.9248570783211552,0.029231936460171977,0.1780759240759241,0.6982539235035362,0.022069695743663173,1.7974735264735264,1.9205382444512924,0.06070240823916311,-2.9884645354645354,1.5740900741157031,0.04975222886617671,0.0,0.0,0.0,2.8203236763236768,2.7402820779690655,0.08661203278191687
R:A:HSD:108,0.0,0.0,0.0,0.0,0.0,0.0,0.0,0.0,0.0,0.0,0.0,0.0,0.0,0.0,0.0,0.0,0.0,0.0
R:A:THR:110,4.582685314685315,0.8236148677772289,0.02603197623379879,0.015258741258741267,0.6366126281716898,0.02012140073603441,-4.033466533466534,1.0129398580236133,0.032015966857789235,-2.1833156843156845,0.7627485423813352,0.024108175683159466,0.0,0.0,0.0,-1.618838161838162,1.6405638005420933,0.05185326241256466
R:A:ASP:167,4.158001998001998,0.8404355454702723,0.026563627007810963,-0.6912547452547452,0.6128566608540751,0.019370546421939736,5.627482517482517,0.8266039788231422,0.026126452998062894,0.9513446553446553,0.5133812791251254,0.016226430313394085,0.0,0.0,0.0,10.045574425574424,1.4243453473106586,0.045019250720886625
L:C:ADE:3,0.0,0.0,0.0,0.0,0.0,0.0,0.0,0.0,0.0,0.0,0.0,0.0,0.0,0.0,0.0,0.0,0.0,0.0
L:C:GUA:4,0.0,0.0,0.0,0.0,0.0,0.0,0.0,0.0,0.0,0.0,0.0,0.0,0.0,0.0,0.0,0.0,0.0,0.0
L:C:GUA:5,0.0,0.0,0.0,0.0,0.0,0.0,0.0,0.0,0.0,0.0,0.0,0.0,0.0,0.0,0.0,0.0,0.0,0.0
L:C:GUA:6,0.0,0.0,0.0,0.0,0.0,0.0,0.0,0.0,0.0,0.0,0.0,0.0,0.0,0.0,0.0,0.0,0.0,0.0
L:C:THY:7,0.0,0.0,0.0,0.0,0.0,0.0,0.0,0.0,0.0,0.0,0.0,0.0,0.0,0.0,0.0,0.0,0.0,0.0
L:C:THY:8,0.0,0.0,0.0,0.0,0.0,0.0,0.0,0.0,0.0,0.0,0.0,0.0,0.0,0.0,0.0,0.0,0.0,0.0
L:C:ADE:9,0.0,0.0,0.0,0.0,0.0,0.0,0.0,0.0,0.0,0.0,0.0,0.0,0.0,0.0,0.0,0.0,0.0,0.0
L:C:GUA:10,0.0,0.0,0.0,0.0,0.0,0.0,0.0,0.0,0.0,0.0,0.0,0.0,0.0,0.0,0.0,0.0,0.0,0.0
L:C:GUA:11,0.0,0.0,0.0,0.0,0.0,0.0,0.0,0.0,0.0,0.0,0.0,0.0,0.0,0.0,0.0,0.0,0.0,0.0
L:C:GUA:12,0.0,0.0,0.0,0.0,0.0,0.0,0.0,0.0,0.0,0.0,0.0,0.0,0.0,0.0,0.0,0.0,0.0,0.0

Receptor:
Total Energy Decomposition:
Residue,Internal,,,van der Waals,,,Electrostatic,,,Polar Solvation,,,Non-Polar Solv.,,,TOTAL,,
,Avg.,Std. Dev.,Std. Err. of Mean,Avg.,Std. Dev.,Std. Err. of Mean,Avg.,Std. Dev.,Std. Err. of Mean,Avg.,Std. Dev.,Std. Err. of Mean,Avg.,Std. Dev.,Std. Err. of Mean,Avg.,Std. Dev.,Std. Err. of Mean
R:A:GLU:18,20.392959040959038,2.7609750639976203,0.08726607551666674,-3.0198661338661337,1.3159764785017884,0.04159403837020428,-66.61295204795205,15.983939622816163,0.5052040130195538,-22.771270729270732,14.053187379953926,0.4441787711669041,0.0,0.0,0.0,-72.01112987012988,21.501934303636855,0.6796111443247711
R:A:GLN:19,24.150208791208787,2.932488741179664,0.09268710437718757,-6.562120879120879,1.4628703670055538,0.046236910134698224,-43.44342257742258,3.688960477809827,0.11659688920494679,-3.899056943056943,2.6639982907016635,0.08420093286754975,0.0,0.0,0.0,-29.754391608391607,5.607565980665117,0.17723820932481818
R:A:LYS:22,25.98004195804196,2.8748563242973395,0.0908655178987574,-8.721322677322677,1.3167584539122108,0.04161875424906459,10.99922077922078,16.26559122191411,0.5141061686517324,-48.718955044955045,13.851031122693184,0.4377892229807138,0.0,0.0,0.0,-20.461014985014987,21.59673986210711,0.6826076614366954
R:A:PHE:24,28.327593406593408,3.027122447672588,0.09567818976760625,2.866291708291708,1.7408184012455359,0.05502200727736342,3.9072627372627373,1.3054481992400928,0.041261271289077,-3.17801998001998,0.41289794004270364,0.013050455719897719,0.0,0.0,0.0,31.92312787212787,3.750813075735587,0.11855186284881453
R:A:GLY:26,6.376062937062938,1.8356436259561526,0.05801914597969569,-3.5154175824175824,0.7864167598229447,0.024856256488936045,9.28561938061938,1.3689710494564034,0.04326903655878001,-3.865095904095904,0.4903306706974185,0.01549787026155324,0.0,0.0,0.0,8.28116883116883,2.4703329213934335,0.07807975598211095
R:A:GLY:27,7.819515484515485,2.0170844400697803,0.06375394162950491,-2.4447432567432568,0.6308963471253949,0.01994072637212393,2.165854145854146,1.3572896196441278,0.04289982187465146,-3.2147802197802196,0.7756423612566399,0.024515710320593458,0.0,0.0,0.0,4.325846153846153,2.6287860360549056,0.08308797994262658
R:A:LEU:28,21.06432967032967,3.0234984505252296,0.09556364617289675,-7.826092907092907,1.0887430545912655,0.03441187675293314,-8.064632367632369,1.1963246240486665,0.037812204951072625,0.4098341658341659,0.5608935450712781,0.017728149413320186,0.0,0.0,0.0,5.583438561438562,3.4745788945218945,0.10982093541943899
R:A:SER:29,15.386705294705296,2.43093108296632,0.07683438297874254,-2.660998001998002,1.3550707395876855,0.042829689783604054,13.437142857142858,4.028046973181082,0.1273143882861972,-0.6303326673326674,2.8251568570532193,0.08929466797757635,0.0,0.0,0.0,25.53251748251748,5.65263799694679,0.1786627995095734
R:A:PHE:30,29.298445554445554,3.0802881712698005,0.09735859757383067,6.860050949050949,1.6490963796977018,0.052122951446216106,5.621986013986014,1.572336378805782,0.04969679985874221,-4.0340199800199805,1.3794237201819457,0.043599413882639396,0.0,0.0,0.0,37.746462537462534,4.072191741005499,0.12870967095023308
R:A:GLU:31,20.463453546453543,2.6561807359417244,0.08395384359357103,-1.559000999000999,1.0034450174752503,0.0317158636503693,-16.5738011988012,6.434054712806783,0.2033610197236632,-73.78557042957043,6.374675564977875,0.20148422436027077,0.0,0.0,0.0,-71.45491908091908,9.49187792858721,0.30000956796464123
R:A:ASP:49,24.882966033966035,2.3730083519041707,0.07500362054668985,-3.478897102897103,1.188156104000701,0.03755402272528568,-72.73297802197803,9.69666645075818,0.30648231408747034,-39.36659340659341,10.225585888581238,0.3231998586264165,0.0,0.0,0.0,-90.69550249750249,14.339833701535454,0.45323879487805263
R:A:CYS:50,17.39775024975025,2.1957153644315643,0.06939992515838074,-6.354571428571428,1.129570351931607,0.03570230420347483,12.588193806193805,1.6752436548450198,0.052949387772032515,-3.457258741258741,0.9657867828232781,0.03052560069152709,0.0,0.0,0.0,20.174113886113883,3.1362845142841187,0.09912847270304295
R:A:VAL:51,18.224252747252745,2.4750167710619473,0.07822779831114575,-4.422217782217782,1.319607101989019,0.04170879140348612,4.5846953046953045,1.8699963272167481,0.05910493102045881,0.017729270729270726,0.7856752090388682,0.024832818310313396,0.0,0.0,0.0,18.404459540459538,3.4613931759567795,0.10940417471520475
R:A:MET:53,21.66673726273726,2.6311230980596396,0.0831618474078028,-6.9702677322677316,1.148905023704857,0.03631341473071423,8.886193806193807,1.9587292625775317,0.06190951087305552,-3.780845154845155,1.1379766509647113,0.0359680019041909,0.0,0.0,0.0,19.801818181818184,3.657103046518596,0.11558997210486899
R:A:ARG:54,31.260763236763236,3.9649621259511276,0.12532046696683705,-5.910548451548452,1.6958730726153057,0.053601421306301404,-238.6281168831169,16.09305237736161,0.5086527373496488,-28.263503496503496,11.8985296666441,0.3760765542457498,0.0,0.0,0.0,-241.5414055944056,20.473354712580992,0.6471008527837749
R:A:PRO:56,25.62146253746254,2.7088168996536672,0.08561751361264874,-1.111913086913087,0.953679661386369,0.03014293118198324,9.883311688311688,3.27733811189105,0.10358675052712496,-2.701972027972028,2.0457268798033703,0.06465924256516567,0.0,0.0,0.0,31.69088911088911,4.813848508085289,0.1521511993752387
R:A:ARG:60,32.50516183816184,4.218157157808875,0.1333231965309901,-3.584832167832168,1.4086947656825215,0.04452458314635834,-209.57267432567434,6.244495498421019,0.19736962598267196,-55.945312687312686,5.530255257211818,0.17479465106197922,0.0,0.0,0.0,-236.59765734265736,9.452762452878781,0.29877324602115374
R:A:ARG:62,32.06773226773227,3.961558925111505,0.12521290207596156,-6.103626373626374,1.2668462869460475,0.04004118153264782,-181.29734865134867,7.561698996363785,0.23900244672820192,-79.3068011988012,6.656920393418735,0.21040513017868348,0.0,0.0,0.0,-234.64004395604397,10.899207744960316,0.344491009189486
R:A:GLY:63,8.200327672327672,1.8878543880112002,0.05966937033836176,-3.1956823176823184,0.74552019464023,0.02356363969128932,-0.28992307692307695,1.3620577263196652,0.04305052731297458,0.3742277722277722,0.41636661598766905,0.013160090080925927,0.0,0.0,0.0,5.088950049950051,2.4795880624986215,0.07837228301472866
R:A:PHE:64,28.910268731268733,2.880462225421332,0.09104270348699554,1.9816323676323677,1.6275381575425603,0.051441561213059955,3.0965824175824177,1.0705770090555051,0.03383770296837619,-1.2866043956043958,0.4974816512669709,0.015723891140386255,0.0,0.0,0.0,32.70187912087912,3.5127718701905177,0.11102809992532862
R:A:PHE:66,29.114421578421577,2.8551198956393113,0.09024170905087629,1.9602177822177822,1.651364811537019,0.05219464971932823,1.2412817182817184,1.2768265092097766,0.040356626188811674,-1.4959250749250748,0.5080078104174917,0.016056591211208258,0.0,0.0,0.0,30.819996003996003,3.5731041447632235,0.11293502074384948
R:A:ARG:89,33.42825074925074,4.233549114154692,0.1338096897421524,-4.663261738261738,1.216564492437748,0.03845192600698525,-228.13326173826175,4.866180370067528,0.15380525133652573,-40.36793706293707,4.839311164049329,0.152955996958233,0.0,0.0,0.0,-239.73620979020978,8.154852003730252,0.2577502202263202
R:A:VAL:91,16.443301698301696,2.606145435860067,0.08237237901159725,-6.269912087912088,1.1715031790674626,0.037027674108904764,9.544695304695304,1.4166923620952832,0.04477736299272803,-1.7003486513486514,0.8218204855138798,0.025975261234760565,0.0,0.0,0.0,18.017736263736264,3.2934510609160133,0.10409603213735896
R:A:GLU:92,24.451516483516485,2.735721373339302,0.08646788269529715,-2.433124875124875,1.4981704898221817,0.047352640306850956,-49.81007692307693,12.355361381287668,0.39051562377170634,-30.578435564435562,10.596006930406599,0.3349077479986916,0.0,0.0,0.0,-58.37012087912088,16.572839345765676,0.523817353054667
R:A:LYS:94,24.388178821178823,2.738359017528952,0.08655125065469726,-5.461165834165834,1.4469565795587649,0.04573392341989722,-6.468307692307692,13.36340683138434,0.42237689319041644,-37.979807192807186,11.061895102401381,0.3496330647644114,0.0,0.0,0.0,-25.521101898101897,17.622101431146962,0.5569813557193928
R:A:ARG:95,29.959763236763237,3.871933703239872,0.12238011974408365,-7.435135864135864,1.6605639941729842,0.0524854080738928,-261.8426133866134,18.584018012579754,0.5873846310443452,3.527024975024976,9.169434825514399,0.28981811620200243,0.0,0.0,0.0,-235.79096103896103,21.146952591148295,0.6683912454806977
R:A:ALA:96,11.14573126873127,2.238210987884074,0.07074308335408176,-4.411951048951049,0.819757333919547,0.025910051249642956,11.32184015984016,2.0609540380315847,0.06514052700600506,-1.7976543456543457,0.959175063063044,0.030316624216724663,0.0,0.0,0.0,16.257966033966035,3.2938030999561247,0.10410715902722471
R:A:VAL:97,16.527822177822177,2.433871002393381,0.07692730494463793,-3.912132867132867,1.1005030478696098,0.03478357459073164,8.8499010989011,1.294041222111671,0.040900731224631635,-0.8423946053946053,0.6919760344828212,0.02187127064938733,0.0,0.0,0.0,20.623195804195802,3.0476562357793076,0.09632720073729234
R:A:ALA:98,10.226785214785215,2.34170095261323,0.07401408829542863,-2.4251978021978027,0.9630201208085337,0.030438154868688616,10.40896903096903,2.1720549728850616,0.06865209170549129,-1.8184445554445556,1.1415730988564834,0.036081674750211006,0.0,0.0,0.0,16.392111888111888,3.5259017357009976,0.11144309528334617
R:A:ARG:99,32.908481518481516,4.190117190704368,0.13243693793389727,-1.9283426573426574,1.128239962975287,0.03566025463024883,-182.9216233766234,10.621722322764377,0.33572053381508554,-82.48999300699302,9.663114033691361,0.30542182361086306,0.0,0.0,0.0,-234.4314775224775,15.000892153999532,0.4741328542217595
R:A:SER:102,15.723571428571429,2.4544559896111235,0.07757793416345173,-2.5516433566433565,1.2130692308024311,0.03834145135265193,19.973546453546454,2.8713664661110747,0.0907552140311143,-5.258000999000999,2.302564689829181,0.07277710933531881,0.0,0.0,0.0,27.887473526473524,4.5872040173958775,0.1449876521567783
R:A:HSD:108,24.863176823176826,2.8293341778256744,0.08942670045941216,-4.086416583416583,1.1540134904534551,0.03647487792205942,-1.368020979020979,3.482939948645909,0.11008520306535127,-10.371169830169832,1.9459122741147201,0.06150440461270687,0.0,0.0,0.0,9.03756943056943,5.025368075114991,0.1588366934785214
R:A:THR:110,20.523193806193802,2.608439502415924,0.08244488752060705,-1.6548641358641358,1.2469352853763347,0.03941185496275145,-3.626816183816184,2.493575022690121,0.07881436854466921,-6.313053946053945,1.9712431213940278,0.06230503612162625,0.0,0.0,0.0,8.928459540459539,4.296803472479013,0.13580896879478394
R:A:ASP:167,22.88535964035964,2.683756051504213,0.08482541596003342,-4.044042957042957,1.4046496582743886,0.04439672952929595,-91.76841858141859,7.175037404770412,0.2267812426719342,-13.488951048951048,7.570887691160742,0.23929287359387955,0.0,0.0,0.0,-86.41605294705295,10.861633827306996,0.34330341123608615

Sidechain Energy Decomposition:
Residue,Internal,,,van der Waals,,,Electrostatic,,,Polar Solvation,,,Non-Polar Solv.,,,TOTAL,,
,Avg.,Std. Dev.,Std. Err. of Mean,Avg.,Std. Dev.,Std. Err. of Mean,Avg.,Std. Dev.,Std. Err. of Mean,Avg.,Std. Dev.,Std. Err. of Mean,Avg.,Std. Dev.,Std. Err. of Mean,Avg.,Std. Dev.,Std. Err. of Mean
R:A:GLU:18,16.303274725274726,2.4063794998198844,0.07605838165339612,-2.995896103896104,1.1968480755212527,0.037828749669759756,-71.02589210789212,15.81147082205798,0.49975279559007046,-21.756654345654347,14.093375189080273,0.4454489863281346,0.0,0.0,0.0,-79.47516783216783,21.350619227320006,0.674828532178482
R:A:GLN:19,19.786693306693305,2.684696840189118,0.08485515144641743,-5.963316683316683,1.13440425052438,0.03585508912541689,-49.97523876123877,3.5478616297415364,0.11213718115057054,-2.722392607392607,2.4491334202519672,0.0774097038358057,0.0,0.0,0.0,-38.87425474525474,5.203849227381265,0.16447794316420988
R:A:LYS:22,21.791312687312686,2.6260242538383234,0.08300068835545668,-7.209511488511488,1.1614802545614566,0.03671087976394877,7.261415584415584,16.1599687265129,0.5107677608623499,-48.830237762237765,13.795246866993404,0.43602605129038724,0.0,0.0,0.0,-26.98702097902098,21.440579869179135,0.6776719161222109
R:A:PHE:24,24.189136863136863,2.8789981049249733,0.09099642706405106,2.941160839160839,1.4528604549657518,0.045920527074463056,0.18105194805194805,0.8972469967214021,0.028359265244367233,-1.5795504495504498,0.3281387917264005,0.010371475263265371,0.0,0.0,0.0,25.731799200799202,3.363355590704931,0.10630550300693073
R:A:GLY:26,4.318872127872128,1.421327483663266,0.04492386517380708,-2.4925994005994,0.5257960981433939,0.016618825213334007,8.468811188811188,0.7988125511175087,0.025248049980049297,-0.5371658341658342,0.2527618363709262,0.007989037564337676,0.0,0.0,0.0,9.757918081918081,1.7316533690054237,0.05473232831357724
R:A:GLY:27,5.181365634365635,1.50922276117046,0.04770196919383955,-1.7182217782217781,0.3473641963132562,0.010979132185050764,6.337668331668332,0.8389012043473644,0.02651513112313385,-1.5938871128871128,0.4099914599677775,0.01295859067083822,0.0,0.0,0.0,8.206925074925074,1.808386976179963,0.05715764567543131
R:A:LEU:28,17.242144855144858,2.7361365238085407,0.08648100434665568,-7.661737262737262,0.8598341834778511,0.027176759314351533,-10.74244155844156,0.826702360005782,0.02612956252984593,-0.1697032967032967,0.26405317419095825,0.008345922619815295,0.0,0.0,0.0,-1.3317372627372628,2.9964844019009274,0.09470981375767532
R:A:SER:29,11.906556443556443,2.1326203116512024,0.06740568127242297,-3.4190639360639357,0.8514076220994986,0.02691042118215398,16.045287712287713,3.387604864564408,0.10707194924957861,0.08148251748251747,2.533493154989308,0.08007606003660951,0.0,0.0,0.0,24.614262737262738,4.8132544725408515,0.15213242370741162
R:A:PHE:30,24.558618381618377,2.8755588002696046,0.09088772104069942,6.787626373626375,1.556319150099609,0.04919054367842858,1.927252747252747,0.7519569109058616,0.023767084834652067,-2.7995764235764233,0.41760894766566725,0.013199356429775875,0.0,0.0,0.0,30.47392107892108,3.380947225232043,0.10686152139591314
R:A:GLU:31,16.305926073926074,2.320172460030759,0.07333363772419395,-1.6912517482517482,0.8222095511567761,0.02598755842361122,-21.429625374625374,6.395016812681654,0.2021271497098576,-70.5828071928072,6.220616887040454,0.19661489526049286,0.0,0.0,0.0,-77.39775824175825,9.254811898688837,0.2925166273954519
R:A:ASP:49,20.440914085914084,2.0594693080453053,0.06509359917938538,-2.039824175824176,0.9618925552093528,0.03040251592865935,-75.2214985014985,10.109501784554757,0.31953079101318277,-41.0925984015984,10.6717646095983,0.3373022192271779,0.0,0.0,0.0,-97.91300699300697,14.874650830629214,0.4701427476097109
R:A:CYS:50,13.22153046953047,1.9088469474140737,0.06033288168188212,-5.56811088911089,0.861061672290563,0.027215556525098838,7.121775224775224,1.6107770533844417,0.05091179337839966,1.0637132867132868,0.7579725182187754,0.02395721999700564,0.0,0.0,0.0,15.838908091908092,2.7484993953473276,0.08687175734380319
R:A:VAL:51,14.489237762237762,2.224280076688418,0.0703027693634672,-3.5468521478521478,0.8957972312071766,0.028313442539013755,7.651562437562437,0.7836848030153291,0.024769907592783226,-1.5034745254745256,0.35669069142752874,0.011273914502196903,0.0,0.0,0.0,17.090473526473524,2.547796039485834,0.08052813097881237
R:A:MET:53,17.264984015984012,2.406420094678438,0.07605966473415926,-5.933185814185815,1.014513568001386,0.03206570707295901,6.169562437562438,1.3288575596856567,0.04200117040771722,-2.7052157842157842,0.9221036797423677,0.02914490985444956,0.0,0.0,0.0,14.796144855144854,3.0718452210128064,0.09709174143872183
R:A:ARG:54,27.384866133866133,3.7999387865175747,0.12010457806265774,-5.198014985014986,1.6102610385161351,0.050895483708293415,-242.10164535464537,16.273598833021623,0.5143592650323294,-28.34973826173826,12.224163065370806,0.3863688416099424,0.0,0.0,0.0,-248.2645324675325,20.767586692255367,0.6564006362162648
R:A:PRO:56,17.112084915084914,1.9084943235962266,0.06032173630895989,-1.0935814185814186,0.5413099252546608,0.017109170390984443,20.417103896103896,2.7886652386726922,0.08814127823246591,-12.284176823176823,2.554246447152175,0.08073200886596328,0.0,0.0,0.0,24.151430569430573,4.2703859011275735,0.1349739892230439
R:A:ARG:60,28.718041958041958,4.050879168304278,0.12803604495373233,-4.08815984015984,1.0826230035694404,0.034218440440667734,-209.95159040959044,6.345653076484786,0.20056691123218606,-56.88768631368632,5.56177810684611,0.17579099304730075,0.0,0.0,0.0,-242.2093946053946,9.422440410050509,0.297814857909006
R:A:ARG:62,27.605083916083913,3.7661336004786654,0.11903609832294758,-5.674070929070929,1.1410036882269436,0.036063677401504256,-188.7865264735265,7.51235549720805,0.2374428478822253,-77.73034365634365,6.708323776465498,0.21202983572755432,0.0,0.0,0.0,-244.58585714285715,10.813082110088974,0.34176883822365295
R:A:GLY:63,5.278797202797204,1.4174569607563299,0.044801529645069414,-2.323203796203796,0.4490022087274541,0.014191602512058742,5.590223776223777,0.7863801117741547,0.02485509815489857,1.258973026973027,0.2427135274666679,0.007671440895288385,0.0,0.0,0.0,9.80479020979021,1.6994383647687696,0.05371410941361545
R:A:PHE:64,25.149276723276724,2.637592088311483,0.08336631263430745,3.353207792207792,1.4696007323306404,0.046449636637147455,-1.0994655344655344,0.5578976924362685,0.017633459567804155,-1.7722567432567433,0.2830495503776927,0.008946340646211496,0.0,0.0,0.0,25.630762237762237,3.0835021031263805,0.09746018024430059
R:A:PHE:66,24.71668431568432,2.6709602108223103,0.08442097811711086,3.4085884115884113,1.5093913363403657,0.04770729734536799,-3.2001798201798204,0.8870970997404961,0.02803845768330956,0.0741068931068931,0.44194330369263296,0.013968491862539956,0.0,0.0,0.0,24.9991998001998,3.224057350926325,0.1019027067374643
R:A:ARG:89,29.44278321678322,4.062749131985458,0.12841121862353075,-4.0222937062937065,1.045114553157274,0.033032911708857325,-232.7926243756244,4.807654173930267,0.15195541519768624,-38.68346253746253,4.749444440390139,0.15011558148489534,0.0,0.0,0.0,-246.05559740259739,7.954178530001174,0.25140753834520324
R:A:VAL:91,13.210386613386614,2.3279074990335342,0.07357811892452872,-5.71307992007992,0.9148237366494468,0.028914812860098574,7.834180819180819,0.7586074156378039,0.023977287185165626,-0.24212687312687312,0.19994295112208751,0.006319592269834544,0.0,0.0,0.0,15.08936063936064,2.6213580808347987,0.08285320473236672
R:A:GLU:92,17.62746853146853,2.3934442763003667,0.07564953834032222,-1.8705304695304699,1.2566281506522397,0.03971821713319253,-61.198823176823176,12.661270464370087,0.4001844851437653,-33.081609390609394,10.887061205329156,0.3441070937899806,0.0,0.0,0.0,-78.5234945054945,16.915778470802938,0.5346566221133995
R:A:LYS:94,20.758056943056946,2.5532285150186502,0.08069983510836824,-4.865445554445554,1.261348859094255,0.039867424456635936,-8.125318681318682,13.182819231046984,0.41666906504886286,-38.720294705294705,10.851377728540026,0.3429792469576124,0.0,0.0,0.0,-30.953001998002,17.310375451738746,0.5471286398385921
R:A:ARG:95,25.858198801198803,3.6754999191651163,0.11617144163662102,-7.4742107892107885,1.5503749649654064,0.04900266595523926,-265.9169470529471,18.338511003905236,0.5796248966525971,3.0423556443556445,9.056430559933847,0.2862463929718841,0.0,0.0,0.0,-244.49060339660338,20.8382552656174,0.6586342561935262
R:A:ALA:96,7.681287712287712,1.801848824389246,0.05695099446175392,-4.022536463536463,0.5162818570927298,0.016318108814682847,4.108008991008991,0.8122701681663483,0.025673404573421835,-0.7547812187812187,0.3567543964515722,0.011275928025430584,0.0,0.0,0.0,7.011979020979021,2.0737074690988937,0.06554362440921194
R:A:VAL:97,13.195546453546456,2.2110866251745733,0.06988576424409983,-4.103362637362638,0.7989026123243425,0.025250896542547873,8.258561438561438,0.7320450590660561,0.023137731390288383,-0.7782307692307693,0.35444953550412306,0.011203078338333342,0.0,0.0,0.0,16.572514485514485,2.4877045422892685,0.07862882040529624
R:A:ALA:98,7.32682017982018,1.8932642831856257,0.05984036077104793,-3.146689310689311,0.44638131915832996,0.014108764115565267,3.7054465534465533,0.9213653484287999,0.029121573433557427,-0.08007692307692309,0.5415368546202659,0.01711634294223783,0.0,0.0,0.0,7.8055004995005,2.219432855095474,0.07014956334176434
R:A:ARG:99,28.66494905094905,4.0256582383691555,0.12723888759978932,-2.5773026973026973,0.9041081040555374,0.028576124106497517,-188.17785814185817,10.68178485909916,0.3376189290233076,-80.45517382617382,9.738046155611782,0.30779020146961256,0.0,0.0,0.0,-242.5453856143856,15.031746619101648,0.47510807059250393
R:A:SER:102,11.890337662337663,2.0636468287079777,0.06522563797914671,-2.8055614385614387,0.8453565630861191,0.026719165498716977,18.201925074925075,2.322160882500694,0.07339648574759085,-2.1811108891108892,1.714054546303473,0.05417608272811759,0.0,0.0,0.0,25.10559040959041,3.647421020983083,0.11528395254585383
R:A:HSD:108,24.863176823176826,2.8293341778256744,0.08942670045941216,-4.086416583416583,1.1540134904534551,0.03647487792205942,-1.368020979020979,3.482939948645909,0.11008520306535127,-10.371169830169832,1.9459122741147201,0.06150440461270687,0.0,0.0,0.0,9.03756943056943,5.025368075114991,0.1588366934785214
R:A:THR:110,15.940512487512489,2.306028937076738,0.07288660371860961,-1.6738151848151848,0.859062086894801,0.027152355675361377,0.08478821178821172,2.2551279828165,0.07127777842486978,-3.7964225774225775,1.8753751529455287,0.05927493944188914,0.0,0.0,0.0,10.555062937062939,3.8286278626869445,0.12101135303507445
R:A:ASP:167,18.72737662337662,2.348745763668481,0.07423675347685843,-3.359102897102897,1.2343951810253715,0.03901550017217483,-96.52053046953047,7.133346503639067,0.22546351931617953,-15.31116783216783,7.760759003956166,0.24529413182214596,0.0,0.0,0.0,-96.46342457542458,10.869882740110663,0.3435641344338585

Backbone Energy Decomposition:
Residue,Internal,,,van der Waals,,,Electrostatic,,,Polar Solvation,,,Non-Polar Solv.,,,TOTAL,,
,Avg.,Std. Dev.,Std. Err. of Mean,Avg.,Std. Dev.,Std. Err. of Mean,Avg.,Std. Dev.,Std. Err. of Mean,Avg.,Std. Dev.,Std. Err. of Mean,Avg.,Std. Dev.,Std. Err. of Mean,Avg.,Std. Dev.,Std. Err. of Mean
R:A:GLU:18,4.089711288711289,0.9259723380272469,0.029267186448120645,-0.023986013986014007,0.9437945262060484,0.02983049194108358,4.412934065934066,1.4729784235392382,0.0465563952457003,-1.0146323676323676,1.3220322119909738,0.041785441799690855,0.0,0.0,0.0,7.464026973026973,2.3802536596426087,0.07523262282218617
R:A:GLN:19,4.363527472527472,0.8925225604843454,0.028209940096591463,-0.5988221778221778,0.7275389991968129,0.022995308459360986,6.5318051948051945,0.9870550356335849,0.03119782587025235,-1.1766793206793207,0.7038573157544056,0.022246802034006072,0.0,0.0,0.0,9.119831168831169,1.672005466688565,0.052847038433248845
R:A:LYS:22,4.1887292707292705,0.8230022095932503,0.026012611960630903,-1.5118201798201798,0.5008588045450308,0.015830632746580923,3.7377942057942057,1.149968804513861,0.03634703762634347,0.11128271728271728,0.5706762896454045,0.0180373523966785,0.0,0.0,0.0,6.525986013986015,1.605083131181726,0.050731825709945326
R:A:PHE:24,4.138453546453547,0.7787501026436803,0.02461393663132843,-0.07486913086913087,0.8037835491363838,0.025405168200407384,3.7262257742257745,0.830641613143442,0.02625407041340956,-1.5984585414585415,0.35307720546143173,0.011159703134152434,0.0,0.0,0.0,6.191351648351648,1.4377582268002564,0.04544319129525039
R:A:GLY:26,2.057186813186813,0.8285794193749458,0.0261888907022712,-1.022813186813187,0.5764628215949861,0.018220247179277747,0.8167992007992008,0.8218722811926241,0.025976898339590552,-3.3279300699300696,0.3713139386877784,0.011736111142924312,0.0,0.0,0.0,-1.4767572427572428,1.3535883150166352,0.042782834824190645
R:A:GLY:27,2.6381718281718287,0.8887932094005208,0.02809206658242868,-0.7264905094905096,0.5372886106262922,0.016982068791766305,-4.171781218781218,1.0496659746931327,0.033176768384940936,-1.6208711288711286,0.653353155674322,0.020650518204816733,0.0,0.0,0.0,-3.880971028971029,1.6147140380399523,0.05103622956210003
R:A:LEU:28,3.8222067932067927,0.9519075943208356,0.03008692149889051,-0.16435564435564434,0.6621550076352765,0.02092871813785019,2.6777972027972026,0.6808961376611604,0.02152106860469521,0.5795284715284714,0.40191828166112076,0.012703421909281875,0.0,0.0,0.0,6.9151768231768225,1.4034725425449075,0.04435952445943486
R:A:SER:29,3.480141858141858,0.8377294021966992,0.026478093999436514,0.7580459540459541,0.855306817542091,0.02703366296306845,-2.608158841158841,1.1469936535582719,0.03625300209833402,-0.7118211788211788,0.6476313770891731,0.0204696700803218,0.0,0.0,0.0,0.9182077922077921,1.7799890857340082,0.05626007420349539
R:A:PHE:30,4.739837162837162,0.8331680655378663,0.02633392393628849,0.07242457542457541,0.5317240337875816,0.01680618933926516,3.694745254745255,1.375004145317504,0.04345972448127497,-1.2344245754245755,1.378569804489274,0.0435724241889282,0.0,0.0,0.0,7.272582417582417,2.183572892996559,0.06901613834225793
R:A:GLU:31,4.157525474525475,0.8771478844466367,0.02772399306373114,0.13226373626373628,0.6199254203908561,0.019593968542475925,4.855810189810189,1.333524918113207,0.042148691498477164,-3.202757242757243,1.130634280452285,0.03573593176782357,0.0,0.0,0.0,5.942842157842158,2.051906070315764,0.06485454809795294
R:A:ASP:49,4.442031968031968,0.8686182655722462,0.027454397595620246,-1.4390639360639361,0.5032370022441357,0.01590580038670555,2.488507492507493,1.304158204196191,0.04122049844531424,1.7260159840159839,0.6553891826720153,0.020714870863430542,0.0,0.0,0.0,7.217491508491508,1.77147079401528,0.05599083675253369
R:A:CYS:50,4.176217782217782,0.7821028663992011,0.024719907358443653,-0.7864565434565434,0.4877829457427585,0.015417344377350888,5.466416583416583,1.4121616418745884,0.04463416062263797,-4.520987012987013,1.2537078971354647,0.03962591674727245,0.0,0.0,0.0,4.335190809190809,2.1013331696589885,0.06641678929313793
R:A:VAL:51,3.7349980019980022,0.8458388774402691,0.026734409997445297,-0.8753706293706294,0.714091435964321,0.02257027163673114,-3.066862137862138,1.4690276813751257,0.04643152422874112,1.5211878121878122,0.7061330418685208,0.02231873085709442,0.0,0.0,0.0,1.3139530469530467,1.9702883512247311,0.062274858722785764
R:A:MET:53,4.40174925074925,0.8137641046666374,0.02572062339011863,-1.037076923076923,0.6394259734335332,0.020210322075193125,2.7166223776223775,1.2048321322042956,0.038081101566202806,-1.0756143856143856,0.6858250310244351,0.02167685602416953,0.0,0.0,0.0,5.0056803196803195,1.7300445177847106,0.054681477389947906
R:A:ARG:54,3.8758961038961037,0.8842452598206506,0.027948319644378362,-0.7125284715284715,0.5349971229053895,0.016909641791933765,3.4735074925074922,1.0487933203281956,0.03314918641844527,0.08625074925074927,0.9189155186041895,0.029044141718485038,0.0,0.0,0.0,6.723125874125874,1.7356511055304238,0.05485868468022304
R:A:PRO:56,8.509380619380618,1.322935489611773,0.04181399167473212,-0.018336663336663336,0.7680509366592507,0.02427576833747549,-10.533786213786213,4.073294282265868,0.12874451894655956,9.582201798201798,2.923480293111713,0.09240237456573917,0.0,0.0,0.0,7.53945954045954,5.241996173704237,0.16568365282162734
R:A:ARG:60,3.787127872127872,0.8672876695368366,0.027412341477250197,0.5033156843156843,0.8476543696067653,0.026791792216708077,0.3789240759240759,1.0650278906310144,0.03366231210961871,0.9423886113886114,0.5402012702852078,0.017074129158795213,0.0,0.0,0.0,5.611756243756244,1.7020010729384925,0.05379510887195261
R:A:ARG:62,4.462642357642357,0.8425127371451331,0.02662928075743177,-0.42954145854145853,0.46030183439860395,0.014548749521456534,7.489186813186812,0.6816989721111193,0.021546443774739684,-1.5764575424575427,0.5216490819323596,0.016487750567075896,0.0,0.0,0.0,9.945830169830172,1.287841894123939,0.04070478920712326
R:A:GLY:63,2.9215524475524477,0.8430318788443031,0.02664568925720939,-0.8724855144855145,0.6205100541591952,0.01961244704858152,-5.8801708291708294,0.9270526560886662,0.029301332036307644,-0.8847342657342657,0.36243095772239126,0.011455346967308686,0.0,0.0,0.0,-4.715838161838162,1.4444785572437633,0.045655600625427714
R:A:PHE:64,3.760981018981019,0.8429840369501713,0.02664417711955896,-1.3715684315684316,0.5559872136845028,0.01757307510971956,4.196051948051949,0.8333838998769578,0.02634074580729336,0.4856493506493507,0.4576330887055696,0.014464398537552351,0.0,0.0,0.0,7.071113886113887,1.3869753555077293,0.043838098247162414
R:A:PHE:66,4.397728271728272,0.7977609213306376,0.025214811141497893,-1.4483486513486514,0.49011562920466906,0.01549107345002452,4.441475524475525,0.8455064260748205,0.026723902214763316,-1.570027972027972,0.4151021578062054,0.013120124380188483,0.0,0.0,0.0,5.820827172827173,1.3280913882493854,0.041976954044705396
R:A:ARG:89,3.9854745254745256,0.8786974191642727,0.027772969172008315,-0.6409600399600398,0.6276354691375232,0.019837659876359125,4.659371628371629,0.9433893174876934,0.029817684518417188,-1.6844895104895106,0.3688157901348685,0.011657152218914892,0.0,0.0,0.0,6.319396603396604,1.4805552769039512,0.0467958766762013
R:A:VAL:91,3.232896103896104,0.8160322974517129,0.02579231410744882,-0.5568351648351649,0.6366840121056339,0.020123656966397178,1.7105034965034964,0.9159314874749171,0.02894982551502968,-1.4582097902097901,0.7529359862197524,0.023798030445640234,0.0,0.0,0.0,2.9283546453546454,1.5738863779980983,0.049745790647659945
R:A:GLU:92,6.824031968031968,0.9671994862131039,0.030570251975164796,-0.5626273726273727,0.6436711112909135,0.020344498050076584,11.38875124875125,1.0385408407871863,0.03282513653276344,2.5031788211788215,0.5726175217061072,0.018098708873893248,0.0,0.0,0.0,20.15333466533466,1.6601943409701083,0.05247372445358859
R:A:LYS:94,3.630122877122877,0.799805698111349,0.025279440354302855,-0.5957442557442557,0.7036312681851927,0.02223965735367103,1.6569940059940058,1.4180112855538485,0.04481905017622951,0.7404745254745254,0.7464902570673666,0.023594300432172585,0.0,0.0,0.0,5.431847152847153,1.9242634502982865,0.060820150734920475
R:A:ARG:95,4.101596403596403,0.8393799927177666,0.026530264176174732,0.03906793206793207,0.6382701611246113,0.020173790342056994,4.074368631368631,0.8422600174755935,0.026621293052633506,0.4846943056943057,0.737478685553621,0.023309471898044595,0.0,0.0,0.0,8.699727272727273,1.537928580734749,0.048609273374355395
R:A:ALA:96,3.4644315684315687,0.8768774506730908,0.02771544546965387,-0.38941958041958047,0.63527845317086,0.02007923149738642,7.213844155844156,1.5454731380609124,0.04884773402470677,-1.042883116883117,0.7863547123220438,0.024854295354998314,0.0,0.0,0.0,9.245973026973026,2.044341882029771,0.06461546697230452
R:A:VAL:97,3.3322667332667333,0.7828730877420088,0.024744251726758475,0.19124675324675328,0.6316086245431982,0.019963239308130258,0.5913266733266732,1.0512420778638718,0.03322658424170591,-0.0641968031968032,0.6757393155701117,0.021358077047150356,0.0,0.0,0.0,4.050643356643357,1.60422980117774,0.05070485452808298
R:A:ALA:98,2.899962037962038,0.911202819343456,0.02880036660986454,0.7214705294705295,0.8611178974723915,0.027217333633131204,6.703537462537462,1.7186535993767054,0.054321444893110395,-1.7383566433566433,0.7374141780629887,0.023307433011267854,0.0,0.0,0.0,8.586613386613386,2.2515249223549705,0.07116389657550903
R:A:ARG:99,4.243541458541459,0.8895757974619366,0.028116801825334888,0.6489610389610388,0.6510778211176972,0.020578601757677003,5.256247752247752,1.3561355378281634,0.04286334483716655,-2.0347842157842155,1.0995128761527915,0.03475227825599067,0.0,0.0,0.0,8.113966033966033,2.064771074566784,0.06526117199221812
R:A:SER:102,3.8332387612387615,0.9248570783211552,0.029231936460171977,0.2539170829170829,0.6950399697559297,0.021968112381284082,1.7716333666333668,1.8058409323560538,0.05707717292669004,-3.076919080919081,1.3806291614926836,0.043637514238497536,0.0,0.0,0.0,2.78187012987013,2.5506155197159055,0.08061724622577114
R:A:HSD:108,0.0,0.0,0.0,0.0,0.0,0.0,0.0,0.0,0.0,0.0,0.0,0.0,0.0,0.0,0.0,0.0,0.0,0.0
R:A:THR:110,4.582685314685315,0.8236148677772289,0.02603197623379879,0.018942057942057937,0.6366019451766999,0.020121063078856808,-3.7116103896103896,0.9388314383223251,0.029673623736185793,-2.516587412587413,0.7299365077156386,0.02307108645612158,0.0,0.0,0.0,-1.6265704295704297,1.5804478042330055,0.049953177496160996
R:A:ASP:167,4.158001998001998,0.8404355454702723,0.026563627007810963,-0.6849330669330669,0.6124781261893556,0.019358582085474755,4.752115884115884,0.8484175612275145,0.026815914396759045,1.8221918081918083,0.5930366823950783,0.018744096817415887,0.0,0.0,0.0,10.047376623376623,1.4672989559103975,0.04637688444263087

Ligand:
Total Energy Decomposition:
Residue,Internal,,,van der Waals,,,Electrostatic,,,Polar Solvation,,,Non-Polar Solv.,,,TOTAL,,
,Avg.,Std. Dev.,Std. Err. of Mean,Avg.,Std. Dev.,Std. Err. of Mean,Avg.,Std. Dev.,Std. Err. of Mean,Avg.,Std. Dev.,Std. Err. of Mean,Avg.,Std. Dev.,Std. Err. of Mean,Avg.,Std. Dev.,Std. Err. of Mean
L:C:ADE:3,68.24153346653345,4.971724240462827,0.15714117402715,7.3432017982017985,2.1563186529601,0.06815471420258194,101.15127672327674,5.95893831973861,0.18834402678615317,-226.7303816183816,5.355712146262918,0.16927787095787836,0.0,0.0,0.0,-49.99436963036963,9.672659952070406,0.3057235412341057
L:C:GUA:4,67.73434865134867,4.771771718134753,0.15082127924042737,0.7955314685314685,2.2086627506508614,0.06980915289762757,-15.197116883116884,6.191468688187632,0.19569360880795159,-224.9833986013986,5.801767859683839,0.18337634366037006,0.0,0.0,0.0,-171.65063536463538,9.982123586220098,0.3155047512202139
L:C:GUA:5,64.17812287712287,4.735780051184062,0.14968369144869195,-1.7257012987012987,2.3642172718216767,0.07472576108017182,-13.097181818181816,4.977498061672665,0.15732366706168974,-224.69033366633366,4.173096115998538,0.13189895321609865,0.0,0.0,0.0,-175.3350939060939,8.378982882718526,0.2648343197773999
L:C:GUA:6,69.543007992008,5.081748253762817,0.16061870049179755,7.9864395604395595,2.38969717663084,0.07553110384701828,-54.99331268731268,7.027341546837819,0.22211302307809883,-192.04051148851144,5.477842812662448,0.17313805212934127,0.0,0.0,0.0,-169.50437662337666,10.532098983904843,0.33288781099952786
L:C:THY:7,62.272466533466535,4.147743654772214,0.1310976385556517,2.959903096903097,2.36421186864472,0.07472559030208169,-8.02922977022977,3.675311161931168,0.11616547559105732,-187.1521998001998,2.87988288279599,0.09102439221792528,0.0,0.0,0.0,-129.94905994005995,6.677942253507505,0.21106956762831083
L:C:THY:8,62.49048351648352,3.9472056464747896,0.12475923832732566,9.014839160839161,2.4411008884430276,0.07715581978717036,0.052794205794205774,5.48923146001194,0.17349801284488445,-195.1158021978022,4.916671617978583,0.15540112705108478,0.0,0.0,0.0,-123.5576853146853,8.708887861474665,0.27526161887360145
L:C:ADE:9,67.01401998001997,4.708082310936571,0.14880824960801883,8.114983016983016,2.076543238867999,0.0656332545192573,92.09437262737264,6.683002852975383,0.2112295178796123,-216.74197902097904,5.6617491811955665,0.17895077650113259,0.0,0.0,0.0,-49.5186033966034,10.158543290899932,0.32108084477932314
L:C:GUA:10,68.20433266733265,4.676817176170398,0.1478200532106225,5.009832167832167,2.493687874331831,0.07881793544392014,-14.25733166833167,6.744285978110032,0.21316649221003392,-225.91916683316686,5.778194560825735,0.1826312629440851,0.0,0.0,0.0,-166.9623336663337,10.342341313803164,0.3268901446732759
L:C:GUA:11,65.21761138861139,4.592047866934529,0.1451407515980385,4.193575424575425,3.1771315373697853,0.10041952362476467,-31.073260739260743,9.079472061636018,0.2869746651876598,-210.46704295704296,8.468735430945609,0.26767112651047387,0.0,0.0,0.0,-172.1291168831169,13.613866502039388,0.4302931662557793
L:C:GUA:12,59.74309090909091,4.727047695635243,0.14940768808716273,5.711218781218782,2.8903280037251475,0.09135453091554352,-88.68547052947054,7.185972035381667,0.22712685329084611,-123.07520779220779,5.933945557123381,0.18755408111145636,0.0,0.0,0.0,-146.30636863136866,10.841996119447742,0.34268272265422745

Sidechain Energy Decomposition:
Residue,Internal,,,van der Waals,,,Electrostatic,,,Polar Solvation,,,Non-Polar Solv.,,,TOTAL,,
,Avg.,Std. Dev.,Std. Err. of Mean,Avg.,Std. Dev.,Std. Err. of Mean,Avg.,Std. Dev.,Std. Err. of Mean,Avg.,Std. Dev.,Std. Err. of Mean,Avg.,Std. Dev.,Std. Err. of Mean,Avg.,Std. Dev.,Std. Err. of Mean
L:C:ADE:3,68.24153346653345,4.971724240462827,0.15714117402715,7.3432017982017985,2.1563186529601,0.06815471420258194,101.15127672327674,5.95893831973861,0.18834402678615317,-226.7303816183816,5.355712146262918,0.16927787095787836,0.0,0.0,0.0,-49.99436963036963,9.672659952070406,0.3057235412341057
L:C:GUA:4,67.73434865134867,4.771771718134753,0.15082127924042737,0.7955314685314685,2.2086627506508614,0.06980915289762757,-15.197116883116884,6.191468688187632,0.19569360880795159,-224.9833986013986,5.801767859683839,0.18337634366037006,0.0,0.0,0.0,-171.65063536463538,9.982123586220098,0.3155047512202139
L:C:GUA:5,64.17812287712287,4.735780051184062,0.14968369144869195,-1.7257012987012987,2.3642172718216767,0.07472576108017182,-13.097181818181816,4.977498061672665,0.15732366706168974,-224.69033366633366,4.173096115998538,0.13189895321609865,0.0,0.0,0.0,-175.3350939060939,8.378982882718526,0.2648343197773999
L:C:GUA:6,69.543007992008,5.081748253762817,0.16061870049179755,7.9864395604395595,2.38969717663084,0.07553110384701828,-54.99331268731268,7.027341546837819,0.22211302307809883,-192.04051148851144,5.477842812662448,0.17313805212934127,0.0,0.0,0.0,-169.50437662337666,10.532098983904843,0.33288781099952786
L:C:THY:7,62.272466533466535,4.147743654772214,0.1310976385556517,2.959903096903097,2.36421186864472,0.07472559030208169,-8.02922977022977,3.675311161931168,0.11616547559105732,-187.1521998001998,2.87988288279599,0.09102439221792528,0.0,0.0,0.0,-129.94905994005995,6.677942253507505,0.21106956762831083
L:C:THY:8,62.49048351648352,3.9472056464747896,0.12475923832732566,9.014839160839161,2.4411008884430276,0.07715581978717036,0.052794205794205774,5.48923146001194,0.17349801284488445,-195.1158021978022,4.916671617978583,0.15540112705108478,0.0,0.0,0.0,-123.5576853146853,8.708887861474665,0.27526161887360145
L:C:ADE:9,67.01401998001997,4.708082310936571,0.14880824960801883,8.114983016983016,2.076543238867999,0.0656332545192573,92.09437262737264,6.683002852975383,0.2112295178796123,-216.74197902097904,5.6617491811955665,0.17895077650113259,0.0,0.0,0.0,-49.5186033966034,10.158543290899932,0.32108084477932314
L:C:GUA:10,68.20433266733265,4.676817176170398,0.1478200532106225,5.009832167832167,2.493687874331831,0.07881793544392014,-14.25733166833167,6.744285978110032,0.21316649221003392,-225.91916683316686,5.778194560825735,0.1826312629440851,0.0,0.0,0.0,-166.9623336663337,10.342341313803164,0.3268901446732759
L:C:GUA:11,65.21761138861139,4.592047866934529,0.1451407515980385,4.193575424575425,3.1771315373697853,0.10041952362476467,-31.073260739260743,9.079472061636018,0.2869746651876598,-210.46704295704296,8.468735430945609,0.26767112651047387,0.0,0.0,0.0,-172.1291168831169,13.613866502039388,0.4302931662557793
L:C:GUA:12,59.74309090909091,4.727047695635243,0.14940768808716273,5.711218781218782,2.8903280037251475,0.09135453091554352,-88.68547052947054,7.185972035381667,0.22712685329084611,-123.07520779220779,5.933945557123381,0.18755408111145636,0.0,0.0,0.0,-146.30636863136866,10.841996119447742,0.34268272265422745

Backbone Energy Decomposition:
Residue,Internal,,,van der Waals,,,Electrostatic,,,Polar Solvation,,,Non-Polar Solv.,,,TOTAL,,
,Avg.,Std. Dev.,Std. Err. of Mean,Avg.,Std. Dev.,Std. Err. of Mean,Avg.,Std. Dev.,Std. Err. of Mean,Avg.,Std. Dev.,Std. Err. of Mean,Avg.,Std. Dev.,Std. Err. of Mean,Avg.,Std. Dev.,Std. Err. of Mean
L:C:ADE:3,0.0,0.0,0.0,0.0,0.0,0.0,0.0,0.0,0.0,0.0,0.0,0.0,0.0,0.0,0.0,0.0,0.0,0.0
L:C:GUA:4,0.0,0.0,0.0,0.0,0.0,0.0,0.0,0.0,0.0,0.0,0.0,0.0,0.0,0.0,0.0,0.0,0.0,0.0
L:C:GUA:5,0.0,0.0,0.0,0.0,0.0,0.0,0.0,0.0,0.0,0.0,0.0,0.0,0.0,0.0,0.0,0.0,0.0,0.0
L:C:GUA:6,0.0,0.0,0.0,0.0,0.0,0.0,0.0,0.0,0.0,0.0,0.0,0.0,0.0,0.0,0.0,0.0,0.0,0.0
L:C:THY:7,0.0,0.0,0.0,0.0,0.0,0.0,0.0,0.0,0.0,0.0,0.0,0.0,0.0,0.0,0.0,0.0,0.0,0.0
L:C:THY:8,0.0,0.0,0.0,0.0,0.0,0.0,0.0,0.0,0.0,0.0,0.0,0.0,0.0,0.0,0.0,0.0,0.0,0.0
L:C:ADE:9,0.0,0.0,0.0,0.0,0.0,0.0,0.0,0.0,0.0,0.0,0.0,0.0,0.0,0.0,0.0,0.0,0.0,0.0
L:C:GUA:10,0.0,0.0,0.0,0.0,0.0,0.0,0.0,0.0,0.0,0.0,0.0,0.0,0.0,0.0,0.0,0.0,0.0,0.0
L:C:GUA:11,0.0,0.0,0.0,0.0,0.0,0.0,0.0,0.0,0.0,0.0,0.0,0.0,0.0,0.0,0.0,0.0,0.0,0.0
L:C:GUA:12,0.0,0.0,0.0,0.0,0.0,0.0,0.0,0.0,0.0,0.0,0.0,0.0,0.0,0.0,0.0,0.0,0.0,0.0

DELTAS:
Total Energy Decomposition:
Residue,Internal,,,van der Waals,,,Electrostatic,,,Polar Solvation,,,Non-Polar Solv.,,,TOTAL,,
,Avg.,Std. Dev.,Std. Err. of Mean,Avg.,Std. Dev.,Std. Err. of Mean,Avg.,Std. Dev.,Std. Err. of Mean,Avg.,Std. Dev.,Std. Err. of Mean,Avg.,Std. Dev.,Std. Err. of Mean,Avg.,Std. Dev.,Std. Err. of Mean
R:A:GLU:18,0.0,3.9046083808793584,0.12341286753074479,-0.11503396603396604,1.8623090836241385,0.0588619604885568,78.77476023976024,23.192404159167907,0.7330417862726293,-77.4105974025974,21.402590795309674,0.6764711963358102,0.0,0.0,0.0,1.2491288711288717,31.853926997540594,1.006806339947503
R:A:GLN:19,0.0,4.147165349282686,0.1310793600673093,-0.3793556443556444,2.10119651895311,0.06641247017741173,0.11248351648351632,5.0454226886778315,0.15947055918939038,-0.3112867132867132,3.807187761181155,0.12033369623857292,0.0,0.0,0.0,-0.5781588411588413,7.846335195609748,0.24799893654879837
R:A:LYS:22,0.0,4.065660803695362,0.1285032477644779,-0.4252547452547452,1.9353321865645243,0.06117000002819334,-120.15348151848151,22.75760766215663,0.7192991833649338,118.0757132867133,19.197777640761636,0.6067837175339028,0.0,0.0,0.0,-2.503022977022977,30.11209858664512,0.9517524093183016
R:A:PHE:24,0.0,4.280997620462614,0.13530939359265545,-4.2342567432567435,2.5117272282094,0.07938810488814269,-4.750701298701299,1.8209562039968874,0.05755492097072853,4.376948051948052,0.5750395359917653,0.018175261423864,0.0,0.0,0.0,-4.6080099900099905,5.31810739456843,0.16808929843364656
R:A:GLY:26,0.0,2.595992111510916,0.08205146312179007,-1.691253746253746,1.1310113092873768,0.03574784850956605,-6.907547452547452,1.90462008472505,0.060199283329825715,5.5834035964035955,0.6761610505328729,0.021371406814444615,0.0,0.0,0.0,-3.0153976023976026,3.478955742483457,0.10995927435256418
R:A:GLY:27,0.0,2.852588171598424,0.09016168890718852,-2.268984015984016,0.966238362408287,0.030539873757112156,-7.546397602397602,1.8814515240174825,0.059466995162980894,5.445791208791208,0.9576180346188375,0.03026741125440367,0.0,0.0,0.0,-4.369590409590409,3.6780114174901137,0.1162508225065706
R:A:LEU:28,0.0,4.275872514546818,0.13514740448753432,-0.6228691308691309,1.623300387718895,0.05130761811944912,0.4151148851148851,1.9140630181417555,0.060497745909725995,-2.9866153846153844,0.7162568601198686,0.02263871414834514,0.0,0.0,0.0,-3.1943696303696307,5.009476123958666,0.15833439694285217
R:A:SER:29,0.0,3.4378557067252857,0.1086602264651062,-0.7778171828171828,1.9299891550644857,0.06100112295412981,1.0411428571428574,5.020924641995391,0.15869624998983342,-0.8754405594405594,3.2815377571639432,0.10371948861893404,0.0,0.0,0.0,-0.6121148851148851,7.177874637468897,0.2268709190207549
R:A:PHE:30,0.0,4.356185307827171,0.13768584910253565,-2.9772547452547453,2.407584211422745,0.07609645894539412,-5.567357642357643,2.2475837650191512,0.07103932850599785,4.164645354645354,1.9100590808724898,0.06037119355629842,0.0,0.0,0.0,-4.379967032967033,5.785565715158933,0.18286424285001535
R:A:GLU:31,0.0,3.7564068208829355,0.11872866422337773,-0.1415224775224775,1.418733854163054,0.04484188838568643,92.42437762237762,8.2150420327739,0.259652645093667,-91.35622977022977,8.053768800966742,0.25455528575521535,0.0,0.0,0.0,0.9266253746253743,12.184970474013936,0.3851300822739235
R:A:ASP:49,0.0,3.3559405948875045,0.10607113740421413,-0.10489210789210787,1.7027602029106914,0.053819102675571016,82.09437962037963,14.3683950300072,0.4541415321319208,-79.57626673326672,15.561556126071428,0.49185374752655414,0.0,0.0,0.0,2.41322077922078,21.512195015577493,0.6799354544117192
R:A:CYS:50,0.0,3.1052104474901014,0.09814631538665981,-0.10125474525474526,1.6012580053499827,0.050610925045521955,-0.9063006993006992,2.3248593232905397,0.0734817753037388,0.8491938061938062,1.415837172794022,0.04475033304409936,0.0,0.0,0.0,-0.15836163836163836,4.428986892716595,0.1399868871262166
R:A:VAL:51,0.0,3.5002022847366714,0.11063081332620942,-0.9695774225774226,1.9750921377464579,0.062426691893188974,-0.19989310689310688,2.480894979438689,0.07841359070847538,0.40299400599400603,1.0277104131450323,0.03248281945470568,0.0,0.0,0.0,-0.7664765234765235,4.833573582656471,0.1527746493547573
R:A:MET:53,0.0,3.7209699695490572,0.11760861247611654,-2.8805624375624377,1.7643594546156212,0.055766068811248216,-3.3199090909090914,2.539680066350548,0.08027160960208916,3.2485414585414585,1.3948125933274407,0.04408580964315986,0.0,0.0,0.0,-2.95193006993007,5.035281403188961,0.15915002381156393
R:A:ARG:54,0.0,5.6073032128157445,0.1772299040274304,-0.4681338661338661,2.4332299510901634,0.07690704325080154,-107.8346003996004,22.529134301342957,0.7120778310904065,107.39870229770229,16.390771777442822,0.5180627475989432,0.0,0.0,0.0,-0.9040319680319684,28.52335445110725,0.9015370098688885
R:A:PRO:56,0.0,3.8308455974756557,0.12108144892767095,-1.4765664335664337,1.62679039776809,0.05141792678702035,-5.730864135864136,4.6564510790513145,0.14717634244613612,5.743817182817183,2.9192819536815375,0.0922696777476709,0.0,0.0,0.0,-1.4636133866133865,6.893951607507695,0.21789697032538324
R:A:ARG:60,0.0,5.965375060794459,0.18854747271305974,-0.8426753246753247,2.0958835383178642,0.06624454292034239,-181.3343906093906,16.99908349579213,0.5372896421273865,176.72985214785214,13.918444132113379,0.4399199444231417,0.0,0.0,0.0,-5.447213786213786,22.86198491334062,0.7225982327489061
R:A:ARG:62,0.0,5.602490360032871,0.1770777842999191,-2.3432707292707295,2.0090225571233153,0.06349912988013906,-208.7101288711289,12.84523056899697,0.40599890795103966,205.87086813186812,11.4562543108609,0.3620975672203999,0.0,0.0,0.0,-5.182531468531469,18.21180334494925,0.5756200505823891
R:A:GLY:63,0.0,2.669829279310999,0.08438523279077409,-1.308814185814186,1.0573433917921928,0.03341942833108672,3.4398991008991007,2.1656210379522722,0.0684487344716519,-1.8206713286713285,0.7158242973692406,0.022625042147408143,0.0,0.0,0.0,0.31041358641358646,3.6671899778384196,0.11590878951172114
R:A:PHE:64,0.0,4.073588745094235,0.12875382602642138,-3.7573946053946052,2.3240701964110357,0.07345683338855927,-0.45245954045954045,1.5817752294369145,0.049995133394132536,0.6382077922077922,0.647854403057932,0.020476719257000602,0.0,0.0,0.0,-3.5716463536463534,4.991708700037114,0.15777282238251195
R:A:PHE:66,0.0,4.0377492786143705,0.12762104883147615,-3.4859940059940064,2.383358312455777,0.07533075151243761,0.34921678321678323,1.8457537008168552,0.05833869488391353,0.2109300699300699,0.6346337655209539,0.02005885486962365,0.0,0.0,0.0,-2.925847152847153,5.078718620175894,0.16052294293250924
R:A:ARG:89,0.0,5.987142574210168,0.18923547801028795,-3.2685164835164833,2.0466151652314255,0.06468731858231476,-147.50631068931068,12.445932347334574,0.3933782982180387,145.64796803196805,10.624660601082123,0.3358134039104764,0.0,0.0,0.0,-5.12685914085914,17.544775710196213,0.5545373234309959
R:A:VAL:91,0.0,3.685646220910048,0.11649213556313771,-0.29042457542457545,1.6593147008725198,0.052445921689201244,-2.841951048951049,2.081073642880115,0.06577644689495007,2.4983546453546452,1.2154907180226084,0.038417987243676115,0.0,0.0,0.0,-0.6340209790209792,4.705911020719538,0.148739621687934
R:A:GLU:92,0.0,3.86889426905039,0.12228405241737508,-0.6523366633366634,2.2264649420149913,0.07037182635172787,105.98039060939061,16.853894999611263,0.5327006726589242,-105.01928471528471,14.38857119004112,0.45477923955931315,0.0,0.0,0.0,0.30876923076923013,22.6055357501634,0.7144926499307817
R:A:LYS:94,0.0,3.872624461236108,0.12240195251622611,-1.4396943056943057,2.113394731137917,0.06679801879013494,-123.25765634365634,17.48152036505013,0.5525380131879116,122.26519780219779,14.232215880641592,0.44983732088159245,0.0,0.0,0.0,-2.4321528471528477,22.9700496441391,0.7260138322164703
R:A:ARG:95,0.0,5.47574115573131,0.17307162510692647,-0.23311588411588413,2.3666302063373506,0.07480202664606095,-70.85074725274725,26.37757258764675,0.8337153317303281,68.93373626373626,13.05494017050466,0.412627194515585,0.0,0.0,0.0,-2.1501268731268732,30.02985977673135,0.9491530891397466
R:A:ALA:96,0.0,3.1653083345181408,0.10004582792343276,-0.9257812187812188,1.1762536334647014,0.03717782161207261,-3.8721138861138864,2.713018882346492,0.08575032558323599,3.1547542457542455,1.199272312835268,0.0379053724829368,0.0,0.0,0.0,-1.6431408591408592,4.494605099350863,0.1420608802781588
R:A:VAL:97,0.0,3.442013380651319,0.10879163796951782,-1.024975024975025,1.7100542336996594,0.054049644939407816,-3.185852147852148,2.263915033858307,0.07155551054559124,-0.8747132867132866,0.9396906751232598,0.029700781614043804,0.0,0.0,0.0,-5.085540459540459,4.558516363930278,0.14408092215172705
R:A:ALA:98,0.0,3.3116652462076264,0.10467172747407492,-1.0464725274725273,1.3970606077412153,0.0441568625831712,0.48400799200799205,3.1814003743900767,0.10055444865854665,-0.48837762237762233,1.6751477539378299,0.052946356634258736,0.0,0.0,0.0,-1.0508421578421578,5.083928931872863,0.16068762513480148
R:A:ARG:99,0.0,5.925720559026769,0.18729411378528132,-4.358415584415585,1.9915622231992056,0.06294726150630399,-163.53906793206795,22.661144483219246,0.7162502738809274,160.19263436563435,19.407883973140503,0.6134245435619933,0.0,0.0,0.0,-7.704849150849151,30.483994387822094,0.9635069113755751
R:A:SER:102,0.0,3.4711249487559273,0.1097117666348405,-0.7251908091908092,1.7290212507844391,0.054649135013341975,-0.18865034965034963,4.1819175471204355,0.13217777198722291,1.2596123876123875,3.3022101963152686,0.10437288192900662,0.0,0.0,0.0,0.34577122877122896,6.590238952200623,0.2082975313956381
R:A:HSD:108,0.0,4.001282766766799,0.12646845262797698,-1.5690009990009992,1.7685409448643261,0.055898233077624225,1.297906093906094,6.166042257009955,0.19488995618094895,0.8357062937062938,3.5225802172074507,0.11133811212450946,0.0,0.0,0.0,0.5646113886113888,8.340662405059941,0.26362312531903814
R:A:THR:110,0.0,3.6888905209463276,0.11659467807996683,-0.031285714285714285,1.7676093290952757,0.0558687875193812,-0.06056743256743258,3.551321473854271,0.11224653636408002,0.06169930069930072,2.8780427835464653,0.09096623224315367,0.0,0.0,0.0,-0.030153846153846083,6.134115298102464,0.19388084152309887
R:A:ASP:167,0.0,3.795404206138125,0.11996125368461845,-0.03295504495504494,1.9880729235115224,0.06283697529111276,78.38601798201798,10.58428333852528,0.3345372006990139,-77.38223876123878,10.119948281454711,0.3198609732010784,0.0,0.0,0.0,0.9708241758241759,15.257717196444318,0.48225031744727204
L:C:ADE:3,0.0,7.031079849241604,0.22223117951642626,-1.0904005994005994,3.125715705882626,0.09879442461832377,-38.87338061938062,9.438168465309511,0.29831197419080796,42.813561438561436,9.0551252606669,0.2862051364078945,0.0,0.0,0.0,2.8497802197802207,15.174995880933324,0.4796357467253734
L:C:GUA:4,0.0,6.748304280334533,0.2132934985962721,-1.224350649350649,3.1804292665002403,0.10052375487374782,-38.82776523476524,9.975600894292652,0.3152985886460803,42.42544555444555,9.659919183622456,0.30532084405801846,0.0,0.0,0.0,2.37332967032967,15.763292575332166,0.49823002685091783
L:C:GUA:5,0.0,6.697404376800451,0.2116847065128098,-0.14294305694305695,3.4075235480255412,0.10770151862084089,-33.21500999000999,11.008923412912388,0.3479587897897947,33.07799900099901,9.179453914219478,0.29013478930888653,0.0,0.0,0.0,-0.2799540459540463,16.18410365115672,0.5115305928719613
L:C:GUA:6,0.0,7.186677301037169,0.22714914460624222,-8.139963036963037,3.5213797898930244,0.11130017024591772,-25.099492507492506,10.885474578507937,0.34405694531243636,24.823314685314685,8.088794133603095,0.25566233064044325,0.0,0.0,0.0,-8.41614085914086,15.747082065864273,0.497717661650002
L:C:THY:7,0.0,5.865795329825814,0.18540005844048862,-0.3002747252747253,3.4571681188441925,0.10927063343196135,-28.307883116883115,10.278450849400071,0.32487076023040357,26.663006993006995,7.349288437888724,0.2322887910787433,0.0,0.0,0.0,-1.9451508491508493,14.353332667369518,0.45366545638153133
L:C:THY:8,0.0,5.582191758720308,0.1764362068738412,-9.17223976023976,3.5757684317621785,0.11301923080191217,-43.46672327672328,9.416617582278658,0.2976308159251848,47.86324575424576,8.738600245785388,0.27620073752296936,0.0,0.0,0.0,-4.775717282717283,14.45623760372082,0.4569179703443587
L:C:ADE:9,0.0,6.658233856895362,0.21044664478866104,-12.623402597402597,3.2727158284204756,0.10344065411949621,-57.77416183816184,12.57872401059816,0.3975754412728424,62.92665434565434,10.085269620823988,0.3187648855699805,0.0,0.0,0.0,-7.47091008991009,17.747667679056182,0.5609501252368273
L:C:GUA:10,0.0,6.614018279279618,0.2090491240411749,-11.020993006993008,3.852063785751683,0.12175209171780962,-91.714007992008,15.15703023164362,0.4790679068603689,89.7661998001998,12.713577307158904,0.4018377463239797,0.0,0.0,0.0,-12.968801198801197,21.212124990113768,0.6704511479998783
L:C:GUA:11,0.0,6.4941363724852526,0.2052600193629705,-5.538290709290709,5.055968559073647,0.15980388227309028,-69.99467332667334,18.061972020168174,0.570884335336857,72.24144055944056,17.261508128377457,0.545584091470028,0.0,0.0,0.0,-3.2915234765234773,26.304583657951255,0.8314083723036589
L:C:GUA:12,0.0,6.685054961151848,0.21129437881567467,-1.7904435564435566,4.3571621234173445,0.13771672329048812,-31.83478821178821,15.256629521326643,0.4822159393247767,31.684620379620377,13.573978399636077,0.4290324239180691,0.0,0.0,0.0,-1.9406113886113887,21.92469966836869,0.6929734795104797

Sidechain Energy Decomposition:
Residue,Internal,,,van der Waals,,,Electrostatic,,,Polar Solvation,,,Non-Polar Solv.,,,TOTAL,,
,Avg.,Std. Dev.,Std. Err. of Mean,Avg.,Std. Dev.,Std. Err. of Mean,Avg.,Std. Dev.,Std. Err. of Mean,Avg.,Std. Dev.,Std. Err. of Mean,Avg.,Std. Dev.,Std. Err. of Mean,Avg.,Std. Dev.,Std. Err. of Mean
R:A:GLU:18,0.0,3.403134524861865,0.10756279486638178,-0.09211388611388611,1.7081419859165263,0.05398920456758937,77.87525774225774,22.977971216869477,0.7262642091840548,-76.56332667332667,21.243330090635585,0.6714374468962903,0.0,0.0,0.0,1.2198171828171822,31.524043335545386,0.9963797146096751
R:A:GLN:19,0.0,3.7967346822556443,0.12000330601274649,-0.35712687312687313,1.6498133983644647,0.052145614238769546,-0.823034965034965,4.811417166260609,0.15207435200995606,0.5642527472527472,3.3440689430735198,0.10569591037764085,0.0,0.0,0.0,-0.6159090909090907,7.174232414738311,0.2267557993704544
R:A:LYS:22,0.0,3.7137591148988442,0.11738069915858947,-0.3917822177822178,1.7301487488291742,0.05468477181817943,-119.8286003996004,22.566281626875586,0.7132519457564327,117.78943056943056,19.080500811665736,0.6030769514867587,0.0,0.0,0.0,-2.4309520479520486,29.83434261290181,0.9429733826273492
R:A:PHE:24,0.0,4.071518166031336,0.12868838128147517,-4.13730969030969,2.094244712303474,0.06619274458409687,-2.4099000999000997,1.2882323608736819,0.04071713068072588,2.326829170829171,0.4241709984229919,0.013406763017542647,0.0,0.0,0.0,-4.220380619380619,4.775205204265003,0.15092980135778905
R:A:GLY:26,0.0,2.010060603970214,0.06353193940301832,-0.8454205794205795,0.756487372541819,0.02391027903166027,-1.2888361638361638,1.1093986516676446,0.03506473773592921,1.0578951048951049,0.3293008670545118,0.01040820495150536,0.0,0.0,0.0,-1.0763616383616386,2.4396354657639256,0.07710950220616576
R:A:GLY:27,0.0,2.1343632974894353,0.06746077178583147,-1.5725984015984014,0.615070010064157,0.0194405036996531,-4.76334965034965,1.1478496767200952,0.03628005840277436,3.196949050949051,0.4734669570774208,0.014964859251984982,0.0,0.0,0.0,-3.1389990009990014,2.544709736441639,0.08043058226928795
R:A:LEU:28,0.0,3.8694813804744133,0.12230260923468704,-0.6215314685314686,1.212802730104628,0.03833302807120944,0.22672927072927074,1.2926767804487396,0.040857605348288854,-0.4507392607392607,0.3928945376414202,0.012418208639037382,0.0,0.0,0.0,-0.8455414585414585,4.274243323958896,0.13509591069799218
R:A:SER:29,0.0,3.015980568129467,0.09532602863645868,-0.4753106893106893,1.239528172464524,0.03917773851485183,2.8165264735264732,4.163210062746159,0.1315864849577165,-2.7732827172827172,2.929797568466433,0.09260204454297045,0.0,0.0,0.0,-0.4320669330669331,6.045543871018593,0.19108136645890583
R:A:PHE:30,0.0,4.066654254742581,0.1285346477489396,-2.9065514485514483,2.2771883279525635,0.07197503924756626,-4.168756243756243,1.2046488950446825,0.038075309993502,2.867758241758242,0.5877168469768983,0.018575952901379585,0.0,0.0,0.0,-4.20754945054945,4.849727163576542,0.15328521521636795
R:A:GLU:31,0.0,3.281219360020047,0.1037094250477103,-0.12775324675324676,1.1609935561823626,0.0366954966994446,94.92467032967033,8.152197904419378,0.257666332170281,-93.78121378621378,7.836536719278169,0.24768923633214313,0.0,0.0,0.0,1.0157032967032964,11.831481097118909,0.3739573516467238
R:A:ASP:49,0.0,2.912529426728804,0.09205625078316497,-0.08752347652347651,1.3861527212775737,0.04381209726591943,81.9552997002997,15.003793568436018,0.474224559161301,-79.45131968031968,16.2333974494278,0.5130886208232168,0.0,0.0,0.0,2.416456543456543,22.33923143762107,0.7060755756327309
R:A:CYS:50,0.0,2.6995172415274653,0.08532357953156897,-0.04785414585414587,1.2185833820500442,0.03851573700465191,0.20392507492507492,2.2652575696063404,0.07159794404218431,-0.1772957042957043,1.0826294498295332,0.03421864418746262,0.0,0.0,0.0,-0.021224775224775193,3.8827589647838816,0.12272227353739586
R:A:VAL:51,0.0,3.145607050969029,0.09942312990620304,-0.9102887112887112,1.3982257485873768,0.04419368916316988,-1.3665614385614384,1.1061712844022924,0.034962730412802415,1.342025974025974,0.5015158133994475,0.015851398810372036,0.0,0.0,0.0,-0.9348241758241759,3.6503440912665654,0.11537634196125462
R:A:MET:53,0.0,3.4031919346613946,0.10756460941659864,-2.7871458541458543,1.5784347693217076,0.0498895515478945,-3.752779220779221,1.8037894976282407,0.057012333276303756,3.538003996003996,1.1481093621184892,0.03628826627320475,0.0,0.0,0.0,-3.001921078921079,4.31798371051653,0.13647841209260453
R:A:ARG:54,0.0,5.373924968080715,0.1698535231993087,-0.2797792207792208,2.2931251207821295,0.072478753092973,-110.17177022977025,22.56451237238718,0.7131960249704008,109.08081318681319,16.743229648718774,0.5292028754517014,0.0,0.0,0.0,-1.3707362637362654,28.698962525768643,0.9070874502566221
R:A:PRO:56,0.0,2.69901855614185,0.08530781759402464,-1.1870969030969032,1.052030607745959,0.033251507287601775,-46.17047052947053,4.006679441319815,0.1266390251967855,45.34075624375624,3.66480443299588,0.1158333896506025,0.0,0.0,0.0,-2.0168111888111886,6.154327034179569,0.19451967340167214
R:A:ARG:60,0.0,5.728808259350554,0.18107031124617956,-0.8027342657342657,1.6791296378957579,0.053072211949180714,-184.4785924075924,16.844367373914196,0.5323995332120611,179.69402897102896,13.878367597372655,0.43865324630886515,0.0,0.0,0.0,-5.5872977022977,22.626986538389318,0.715170644502201
R:A:ARG:62,0.0,5.326117215505944,0.16834246466028968,-1.824130869130869,1.856706497049174,0.058684879663193745,-214.2854835164835,12.835282281671812,0.40568447266174673,209.67535464535464,11.47450894170239,0.3626745409186831,0.0,0.0,0.0,-6.434259740259739,18.116945391342878,0.5726218774185994
R:A:GLY:63,0.0,2.00458685798175,0.06335893083911745,-0.6539440559440559,0.6327277898807426,0.019998612741282666,3.090034965034965,1.157220547028817,0.03657624328567358,-2.4900439560439556,0.37790437219122375,0.01194441482349668,0.0,0.0,0.0,-0.05395304695304689,2.429132362854571,0.07677753087342944
R:A:PHE:64,0.0,3.730118503298074,0.1178977699724731,-3.6455344655344657,2.1053004543185967,0.06654218316837279,-0.3511828171828172,0.905428623519508,0.02861786173490523,0.9521698301698301,0.3965641553723914,0.012534194162486684,0.0,0.0,0.0,-3.044547452547453,4.395809160236076,0.138938239296734
R:A:PHE:66,0.0,3.7773081547038125,0.11938929220202045,-3.442652347652348,2.191253124145996,0.06925888723202941,1.3345504495504494,1.2736873547504584,0.04025740700582177,-0.627962037962038,0.4985920812597675,0.01575898847569759,0.0,0.0,0.0,-2.7360639360639363,4.576081368465564,0.14463609884716866
R:A:ARG:89,0.0,5.745594922973355,0.18160088693825377,-3.2312447552447554,1.8090221384279017,0.05717772123403259,-145.97314685314686,12.263350937046996,0.3876074517711223,144.10985514485512,10.470866131223932,0.33095242562939836,0.0,0.0,0.0,-5.094536463536465,17.213751359288402,0.5440746443648725
R:A:VAL:91,0.0,3.292158357083257,0.10405517367696901,-0.1947022977022977,1.2904517752886098,0.04078727966122969,0.2646013986013986,1.0773002714750817,0.03405020496945389,-0.2525954045954046,0.2870243416639294,0.00907197178322202,0.0,0.0,0.0,-0.18269630369630366,3.7076314919482694,0.11718702352054576
R:A:GLU:92,0.0,3.384841356328236,0.10698460310814713,-0.4962827172827173,1.9026704492759816,0.06013766124690765,102.86141858141858,17.22696178861423,0.5444921861015538,-102.24539960039961,14.703493232968105,0.46473297334644054,0.0,0.0,0.0,0.11973626373626349,22.97908247873208,0.726299332812256
R:A:LYS:94,0.0,3.6108103937770926,0.11412680129152682,-1.304831168831169,1.8619845539507622,0.05885170308661444,-124.74625574425575,17.147609378413403,0.5419840962925179,123.49725474525475,13.866209535254685,0.4382689667183835,0.0,0.0,0.0,-2.553832167832167,22.423586074693745,0.7087417707117646
R:A:ARG:95,0.0,5.197941834184522,0.1642912283229439,-0.16690209790209787,2.1930557610776877,0.06931586313618061,-70.62787612387612,26.017115778856923,0.822322381643048,69.84984815184815,12.934126797963224,0.4088086490208788,0.0,0.0,0.0,-0.9449300699300703,29.597466823344824,0.9354864549802664
R:A:ALA:96,0.0,2.5481990447972893,0.08054086875844742,-0.5459980019980021,0.759330086194548,0.024000128616876056,-1.0753796203796202,1.16954183862882,0.03696568206664971,0.729071928071928,0.5170642262586274,0.016342837138963427,0.0,0.0,0.0,-0.8923056943056943,2.95043794682853,0.0932544245084133
R:A:VAL:97,0.0,3.1269486929036376,0.09883339561081468,-0.9999250749250749,1.220785638401178,0.03858534367062695,-2.2088421578421578,1.1161575090480762,0.03527836478611819,0.9182917082917084,0.461285532650215,0.014579841249531184,0.0,0.0,0.0,-2.2904755244755246,3.567452540765629,0.11275639062593372
R:A:ALA:98,0.0,2.677480026437688,0.0846270497797149,-0.5716833166833165,0.6556609635219469,0.020723461034520236,0.7370309690309691,1.2983730944695453,0.0410376486148827,-1.1121358641358643,0.7570122516868817,0.02392686887475862,0.0,0.0,0.0,-0.9467882117882118,3.1396864226711805,0.09923599674340002
R:A:ARG:99,0.0,5.693140478180641,0.17994296050488787,-4.160843156843157,1.7106888885810003,0.05406970446168468,-164.87795404595403,22.6713476682233,0.7165727657153105,161.20131268731268,19.407703021863963,0.6134188242391463,0.0,0.0,0.0,-7.837484515484515,30.430038558242664,0.9618015307076941
R:A:SER:102,0.0,2.9184373331070494,0.09224298184454692,-0.6493556443556443,1.22872981636639,0.03883643512135025,-0.21452047952047948,3.385124501200931,0.10699355246164363,1.171205794205794,2.3889071508327873,0.0755061335197408,0.0,0.0,0.0,0.3073296703296704,5.214690661279119,0.1648206081167391
R:A:HSD:108,0.0,4.001282766766799,0.12646845262797698,-1.5690009990009992,1.7685409448643261,0.055898233077624225,1.297906093906094,6.166042257009955,0.19488995618094895,0.8357062937062938,3.5225802172074507,0.11133811212450946,0.0,0.0,0.0,0.5646113886113888,8.340662405059941,0.26362312531903814
R:A:THR:110,0.0,3.261217398038735,0.10307722349417096,-0.027596403596403606,1.2202776224118044,0.038569286820903666,0.26132567432567433,3.1956170233552585,0.10100379395628839,-0.2716183816183816,2.82775446922681,0.08937677064596312,0.0,0.0,0.0,-0.03788911088911091,5.507520303296182,0.17407606789506094
R:A:ASP:167,0.0,3.321628113546318,0.1049866235935212,-0.02661838161838163,1.746792410652293,0.055210827655651266,77.5106903096903,10.468178420255738,0.3308674752104772,-76.51135464535464,10.283861437003756,0.32504177254868544,0.0,0.0,0.0,0.9727172827172822,15.14678390102713,0.47874405132360326
L:C:ADE:3,0.0,7.031079849241604,0.22223117951642626,-1.0904005994005994,3.125715705882626,0.09879442461832377,-38.87338061938062,9.438168465309511,0.29831197419080796,42.813561438561436,9.0551252606669,0.2862051364078945,0.0,0.0,0.0,2.8497802197802207,15.174995880933324,0.4796357467253734
L:C:GUA:4,0.0,6.748304280334533,0.2132934985962721,-1.224350649350649,3.1804292665002403,0.10052375487374782,-38.82776523476524,9.975600894292652,0.3152985886460803,42.42544555444555,9.659919183622456,0.30532084405801846,0.0,0.0,0.0,2.37332967032967,15.763292575332166,0.49823002685091783
L:C:GUA:5,0.0,6.697404376800451,0.2116847065128098,-0.14294305694305695,3.4075235480255412,0.10770151862084089,-33.21500999000999,11.008923412912388,0.3479587897897947,33.07799900099901,9.179453914219478,0.29013478930888653,0.0,0.0,0.0,-0.2799540459540463,16.18410365115672,0.5115305928719613
L:C:GUA:6,0.0,7.186677301037169,0.22714914460624222,-8.139963036963037,3.5213797898930244,0.11130017024591772,-25.099492507492506,10.885474578507937,0.34405694531243636,24.823314685314685,8.088794133603095,0.25566233064044325,0.0,0.0,0.0,-8.41614085914086,15.747082065864273,0.497717661650002
L:C:THY:7,0.0,5.865795329825814,0.18540005844048862,-0.3002747252747253,3.4571681188441925,0.10927063343196135,-28.307883116883115,10.278450849400071,0.32487076023040357,26.663006993006995,7.349288437888724,0.2322887910787433,0.0,0.0,0.0,-1.9451508491508493,14.353332667369518,0.45366545638153133
L:C:THY:8,0.0,5.582191758720308,0.1764362068738412,-9.17223976023976,3.5757684317621785,0.11301923080191217,-43.46672327672328,9.416617582278658,0.2976308159251848,47.86324575424576,8.738600245785388,0.27620073752296936,0.0,0.0,0.0,-4.775717282717283,14.45623760372082,0.4569179703443587
L:C:ADE:9,0.0,6.658233856895362,0.21044664478866104,-12.623402597402597,3.2727158284204756,0.10344065411949621,-57.77416183816184,12.57872401059816,0.3975754412728424,62.92665434565434,10.085269620823988,0.3187648855699805,0.0,0.0,0.0,-7.47091008991009,17.747667679056182,0.5609501252368273
L:C:GUA:10,0.0,6.614018279279618,0.2090491240411749,-11.020993006993008,3.852063785751683,0.12175209171780962,-91.714007992008,15.15703023164362,0.4790679068603689,89.7661998001998,12.713577307158904,0.4018377463239797,0.0,0.0,0.0,-12.968801198801197,21.212124990113768,0.6704511479998783
L:C:GUA:11,0.0,6.4941363724852526,0.2052600193629705,-5.538290709290709,5.055968559073647,0.15980388227309028,-69.99467332667334,18.061972020168174,0.570884335336857,72.24144055944056,17.261508128377457,0.545584091470028,0.0,0.0,0.0,-3.2915234765234773,26.304583657951255,0.8314083723036589
L:C:GUA:12,0.0,6.685054961151848,0.21129437881567467,-1.7904435564435566,4.3571621234173445,0.13771672329048812,-31.83478821178821,15.256629521326643,0.4822159393247767,31.684620379620377,13.573978399636077,0.4290324239180691,0.0,0.0,0.0,-1.9406113886113887,21.92469966836869,0.6929734795104797

Backbone Energy Decomposition:
Residue,Internal,,,van der Waals,,,Electrostatic,,,Polar Solvation,,,Non-Polar Solv.,,,TOTAL,,
,Avg.,Std. Dev.,Std. Err. of Mean,Avg.,Std. Dev.,Std. Err. of Mean,Avg.,Std. Dev.,Std. Err. of Mean,Avg.,Std. Dev.,Std. Err. of Mean,Avg.,Std. Dev.,Std. Err. of Mean,Avg.,Std. Dev.,Std. Err. of Mean
R:A:GLU:18,0.0,1.3095226388204566,0.04139005200743427,-0.022888111888111885,1.336073892603833,0.042229256876734136,0.8995084915084917,2.119091492560329,0.0669780761977411,-0.8472687312687313,1.6602259177058578,0.05247472249875112,0.0,0.0,0.0,0.029351648351648323,3.2782376118494936,0.1036151810016788
R:A:GLN:19,0.0,1.2622175097609223,0.03989487987833222,-0.02218181818181818,1.0280867813087409,0.032494715314622905,0.9354965034965036,1.3909379682317367,0.043963344456635904,-0.8755184815184816,1.0904883035397244,0.03446703879641465,0.0,0.0,0.0,0.037796203796203756,2.402920856681386,0.07594906439905179
R:A:LYS:22,0.0,1.1639008866697993,0.036787388627472814,-0.03346953046953047,0.7076390002407456,0.022366329648821733,-0.32485314685314687,1.4370600007248089,0.045421122479699594,0.28628371628371635,0.7315465538588192,0.023121975147637933,0.0,0.0,0.0,-0.07203896103896108,2.1108576538455566,0.06671782944635066
R:A:PHE:24,0.0,1.1013189568581325,0.0348093630074166,-0.09694305694305694,1.1367965579352002,0.035930702730876056,-2.3407922077922074,1.1764475118164575,0.03718394952068939,2.050091908091908,0.5123927854765488,0.01619518701731754,0.0,0.0,0.0,-0.38764335664335664,2.03759293617149,0.06440215319536882
R:A:GLY:26,0.0,1.1717882523832728,0.03703668441465858,-0.8458341658341659,0.8336974302324808,0.02635065555404863,-5.618707292707292,1.1690044032803841,0.03694869535991936,4.5254895104895105,0.5292778936716065,0.016728874244728974,0.0,0.0,0.0,-1.9390519480519481,1.9273934463980276,0.0609190804498493
R:A:GLY:27,0.0,1.2569434108793267,0.03972818155595864,-0.6964275724275725,0.7683586210045966,0.02428549330952119,-2.7830719280719283,1.4332092233242426,0.045299411046728834,2.2488151848151845,0.885028516923037,0.02797307603364718,0.0,0.0,0.0,-1.2306843156843157,2.2377769911708607,0.07072936602992222
R:A:LEU:28,0.0,1.346200630014472,0.042549332433785614,-0.001337662337662338,1.0602063227452359,0.03350991692404979,0.18840759240759242,1.185331631979582,0.03746474970290176,-2.535884115884116,0.4894472639671877,0.015469948445294373,0.0,0.0,0.0,-2.3488141858141858,2.140295139698421,0.06764825938646658
R:A:SER:29,0.0,1.1847282821852774,0.03744567963979279,-0.3024725274725275,1.207585687868863,0.03816813313693186,-1.7753856143856144,1.5883826279090758,0.05020397328608197,1.897847152847153,0.802911257753842,0.02537759770668796,0.0,0.0,0.0,-0.18001098901098905,2.4554979447408605,0.07761086721533701
R:A:PHE:30,0.0,1.1782775780198063,0.037241792381200664,-0.07069030969030969,0.7511201278249079,0.023740636651006453,-1.3986263736263738,1.8325803633415374,0.0579223255085005,1.2968731268731268,1.8359283203214896,0.05802814430797058,0.0,0.0,0.0,-0.17244355644355644,2.946439051253464,0.09312803150769866
R:A:GLU:31,0.0,1.240474434391302,0.03920764699386619,-0.01378921078921079,0.8766575953213382,0.02770849650659406,-2.500288711288711,1.7692458520057175,0.055920513061473054,2.424978021978022,1.4878932669529554,0.04702780835936174,0.0,0.0,0.0,-0.0890999000999002,2.7661096544599215,0.08742836439963173
R:A:ASP:49,0.0,1.2284117316972654,0.03882638142650944,-0.017387612387612387,0.7111345031192519,0.022476811928123015,0.1391138861138861,1.8370232690973456,0.05806275232881319,-0.12494705294705295,0.9611298961694519,0.030378410581879033,0.0,0.0,0.0,-0.003220779220779205,2.5125948405212366,0.07941552749058166
R:A:CYS:50,0.0,1.106060480832623,0.03495922824691748,-0.05336463536463537,0.6930119031104708,0.021904011325340752,-1.1102067932067932,1.979511516355837,0.06256637509152413,1.0265034965034965,1.7493633655203158,0.05529208776719243,0.0,0.0,0.0,-0.13706793206793205,2.9465867224845836,0.09313269894891338
R:A:VAL:51,0.0,1.1961968120584627,0.037808165200430004,-0.059297702297702294,1.0096043395608785,0.03191054120224753,1.1666743256743257,1.910501981115562,0.06038519229412198,-0.939036963036963,0.8969347361943871,0.02834939563305249,0.0,0.0,0.0,0.16833966033966036,2.627679104547884,0.08305299318387488
R:A:MET:53,0.0,1.1508362333919575,0.03637445443099643,-0.09343056943056943,0.9059687190796261,0.028634932522885192,0.4328981018981019,1.5942271421939858,0.050388700715023944,-0.28947752247752245,0.9088085242577443,0.028724690180010667,0.0,0.0,0.0,0.04999000999001,2.347913216179446,0.07421043916746943
R:A:ARG:54,0.0,1.2505116389024853,0.039524892686618275,-0.18836763236763235,0.7749608044185083,0.02449416836924415,2.3371738261738266,1.4589230031791467,0.046112145896781406,-1.682137862137862,1.305784156758556,0.04127188989065689,0.0,0.0,0.0,0.46666833166833166,2.4490553690479264,0.07740723687318991
R:A:PRO:56,0.0,1.8709133115536603,0.05913391412336185,-0.28945054945054943,1.1162258602315795,0.03528052516040734,40.4395984015984,5.934894965430338,0.18758408903803686,-39.59694905094905,4.306350055614408,0.13611070742896536,0.0,0.0,0.0,0.5531988011988014,7.649438269741054,0.2417756199292783
R:A:ARG:60,0.0,1.2265299847379492,0.03876690509352975,-0.039928071928071934,1.1980755280362214,0.03786754573324513,3.144207792207792,1.60610425251701,0.05076410026856722,-2.964166833166833,0.8855822032745735,0.02799057638545976,0.0,0.0,0.0,0.1401128871128871,2.510694621623748,0.07935546731547585
R:A:ARG:62,0.0,1.1914929393427256,0.03765949000340089,-0.5191608391608392,0.6527022289027143,0.020629944377277457,5.575344655344655,1.1611431255304872,0.03670022413439996,-3.8045034965034965,0.9802384009022859,0.030982372652659806,0.0,0.0,0.0,1.2516803196803195,2.038331745493927,0.06442550472467631
R:A:GLY:63,0.0,1.1922271165744853,0.0376826951263246,-0.6548401598401599,0.8880727991406765,0.02806929659187052,0.34986713286713284,1.548411601924876,0.04894060998465273,0.6693276723276724,0.6182035871426279,0.0195395465984945,0.0,0.0,0.0,0.3643546453546453,2.2337934009663116,0.07060345678570243
R:A:PHE:64,0.0,1.1921594579189545,0.037680556640751185,-0.11187112887112886,0.7849161043480885,0.024808825305764223,-0.10128171828171828,1.1769903712934235,0.037201107667725775,-0.313979020979021,0.5523980498927777,0.01745963249208256,0.0,0.0,0.0,-0.5271318681318682,1.9307478871187118,0.06102510418076398
R:A:PHE:66,0.0,1.1282043144770433,0.03565912788898254,-0.04335864135864136,0.6921824355135062,0.021877794362029777,-0.9853486513486513,1.2171916722400349,0.03847174926460991,0.8388761238761238,0.5798105534206894,0.018326058862302652,0.0,0.0,0.0,-0.18983116883116885,1.8893642698184283,0.05971709313800923
R:A:ARG:89,0.0,1.2426658074043508,0.03927690967042403,-0.037306693306693305,0.8886639525508238,0.028087981164145195,-1.533132867132867,1.4987912551332312,0.04737226082179821,1.538125874125874,0.6249753080247117,0.01975358022508513,0.0,0.0,0.0,-0.032313686313686314,2.2295540566578755,0.07046946392738755
R:A:VAL:91,0.0,1.154043942390688,0.036475840415741034,-0.09572927072927073,0.9018031132354019,0.028503270314517253,-3.1065144855144857,1.3731371306382132,0.04340071379113212,2.7509440559440557,1.1114043870469443,0.03512813296805529,0.0,0.0,0.0,-0.45129970029970035,2.294731262499869,0.072529518377404
R:A:GLU:92,0.0,1.3678266309228608,0.04323286494844095,-0.156004995004995,0.9091271267477887,0.028734760241605414,3.118968031968032,1.4400732905295912,0.04551636346144066,-2.773875124875125,0.757925411724396,0.023955731103118313,0.0,0.0,0.0,0.18908791208791206,2.3120821431525296,0.07307792726419902
R:A:LYS:94,0.0,1.1310960655323512,0.035750527398256814,-0.13481818181818178,0.9920880627005699,0.03135690464131123,1.4885994005994005,1.9473693891870072,0.061550459615373414,-1.2320569430569432,0.9666428836888847,0.03055265945194912,0.0,0.0,0.0,0.1217242757242757,2.643910557516021,0.08356602034552255
R:A:ARG:95,0.0,1.1870625696860952,0.03751945941128737,-0.0661958041958042,0.9663814360453401,0.030544395882276677,-0.22290709290709293,1.370072310357613,0.043303844086823876,-0.916164835164835,0.9395116442644303,0.029695122989795385,0.0,0.0,0.0,-1.2052677322677323,2.258935786958078,0.07139813160302941
R:A:ALA:96,0.0,1.2400919832810295,0.039195558870396455,-0.3797812187812188,0.8929823419041564,0.028224472397380983,-2.796717282717283,1.9734466668315604,0.06237468353172554,2.4256893106893105,0.9839853883477091,0.03110080359889909,0.0,0.0,0.0,-0.7508091908091907,2.6829022683021635,0.08479843045395027
R:A:VAL:97,0.0,1.1071497383016509,0.034993656382755714,-0.02507292707292707,1.1008995204159833,0.034796105889410595,-0.9770089910089911,1.8885926857906719,0.059692705699342485,-1.79297002997003,0.899338525575907,0.028425372148896188,0.0,0.0,0.0,-2.795051948051948,2.6102399149274813,0.08250179311756206
R:A:ALA:98,0.0,1.2886353851881167,0.04072986906098767,-0.4747602397602398,1.2226065166969975,0.0386428961291557,-0.2530399600399601,2.573171279696371,0.08133016561409083,0.6237372627372627,1.1486767845251469,0.03630620078019647,0.0,0.0,0.0,-0.10406293706293705,3.331068393262165,0.10528500229795933
R:A:ARG:99,0.0,1.2580501575295322,0.03976316247194519,-0.19756343656343658,0.9236003516809312,0.02919221513008115,1.3388651348651348,2.1913812965375024,0.06926293837386775,-1.0086933066933066,1.8025391628758483,0.056972813974465,0.0,0.0,0.0,0.13260839160839163,3.238367988509145,0.1023550227312878
R:A:SER:102,0.0,1.3079454234185335,0.04134020099640377,-0.07584115884115884,0.9852101812539322,0.031139515600191847,0.025840159840159853,2.636195861724359,0.08332218213259478,0.08845454545454544,2.0937756429459125,0.06617791871967191,0.0,0.0,0.0,0.03845354645354647,3.743632647076112,0.11832491120487881
R:A:HSD:108,0.0,0.0,0.0,0.0,0.0,0.0,0.0,0.0,0.0,0.0,0.0,0.0,0.0,0.0,0.0,0.0,0.0,0.0
R:A:THR:110,0.0,1.1647673161826806,0.03681477384521234,-0.0036833166833166835,0.9002986587518745,0.028455719056165507,-0.32185614385614386,1.3811052188574422,0.04365256097270569,0.3332717282717283,1.0557426979150526,0.033368835236428585,0.0,0.0,0.0,0.007732267732267743,2.277995795771811,0.07200056086440755
R:A:ASP:167,0.0,1.1885553467044891,0.0375666415802665,-0.006321678321678323,0.866442578486094,0.027385630703794035,0.8753666333666333,1.184519521158471,0.03743908133480706,-0.870847152847153,0.7843805482177073,0.024791897995435824,0.0,0.0,0.0,-0.00180219780219783,2.0449268677439942,0.0646339566023556
L:C:ADE:3,0.0,0.0,0.0,0.0,0.0,0.0,0.0,0.0,0.0,0.0,0.0,0.0,0.0,0.0,0.0,0.0,0.0,0.0
L:C:GUA:4,0.0,0.0,0.0,0.0,0.0,0.0,0.0,0.0,0.0,0.0,0.0,0.0,0.0,0.0,0.0,0.0,0.0,0.0
L:C:GUA:5,0.0,0.0,0.0,0.0,0.0,0.0,0.0,0.0,0.0,0.0,0.0,0.0,0.0,0.0,0.0,0.0,0.0,0.0
L:C:GUA:6,0.0,0.0,0.0,0.0,0.0,0.0,0.0,0.0,0.0,0.0,0.0,0.0,0.0,0.0,0.0,0.0,0.0,0.0
L:C:THY:7,0.0,0.0,0.0,0.0,0.0,0.0,0.0,0.0,0.0,0.0,0.0,0.0,0.0,0.0,0.0,0.0,0.0,0.0
L:C:THY:8,0.0,0.0,0.0,0.0,0.0,0.0,0.0,0.0,0.0,0.0,0.0,0.0,0.0,0.0,0.0,0.0,0.0,0.0
L:C:ADE:9,0.0,0.0,0.0,0.0,0.0,0.0,0.0,0.0,0.0,0.0,0.0,0.0,0.0,0.0,0.0,0.0,0.0,0.0
L:C:GUA:10,0.0,0.0,0.0,0.0,0.0,0.0,0.0,0.0,0.0,0.0,0.0,0.0,0.0,0.0,0.0,0.0,0.0,0.0
L:C:GUA:11,0.0,0.0,0.0,0.0,0.0,0.0,0.0,0.0,0.0,0.0,0.0,0.0,0.0,0.0,0.0,0.0,0.0,0.0
L:C:GUA:12,0.0,0.0,0.0,0.0,0.0,0.0,0.0,0.0,0.0,0.0,0.0,0.0,0.0,0.0,0.0,0.0,0.0,0.0

